kind,seq,event,input_received_ns,event_dispatch_completed_ns,state_update_completed_ns,render_started_ns,layout_completed_ns,render_completed_ns,terminal_flush_completed_ns,external_queue_latency_ns,screen_preparation_ns,transcript_render_ns,activity_render_ns,queue_todo_render_ns,composer_render_ns,overlay_render_ns,transcript_paint_calls,activity_paint_calls,queue_todo_paint_calls,composer_paint_calls,overlay_paint_calls,product_other_ns,core_render_ns,core_diff_ns,core_write_ns,core_total_draw_ns,buffer_cell_attempts,buffer_cell_writes,diff_cells,diff_spans,ansi_bytes,vt_sync_count_calls,vt_metadata_touches,vt_height_index_reset_entries,vt_height_index_update_calls,vt_cache_lookups,vt_cache_hits,vt_cache_misses,vt_layout_calls,vt_document_requests,vt_documents_materialized,vt_wrap_input_bytes,vt_measurement_invalidations,core_metrics_enabled,output_bytes,write_calls,flush_calls,event_queue_length,dispatch_ms,state_ms,layout_ms,render_ms,write_flush_ms,total_ms,scenario,data_count,run
operation,3,timer,839533437,839534248,867129786,867187006,874057610,903278571,907451245,-1,6875144,27243737,6465,3435,0,1950203,1,1,0,0,1,12581,32007492,4000976,160679,36176410,-1,-1,1048,66,-1,-1,-1,-1,-1,-1,-1,-1,-1,-1,-1,-1,-1,False,2386,1,1,0,0.000811,27.595538,6.870604,29.220961,4.172674,67.917808,stream,100000,1
operation,4,timer,907719033,907719833,929113961,929153892,936462253,966319675,971388494,-1,7321668,27728386,5986,12256,0,2080624,1,1,0,0,1,16863,32995814,4911201,146647,38060714,-1,-1,954,52,-1,-1,-1,-1,-1,-1,-1,-1,-1,-1,-1,-1,-1,False,2179,1,1,0,0.0008,21.394128,7.308361,29.857422,5.068819,63.669461,stream,100000,1
operation,5,timer,971779562,971780571,971866054,971883970,979044070,1004352587,1008949505,-1,7166366,23219868,5742,3418,0,2061009,1,1,0,0,1,12214,28194563,4449414,138004,32787647,-1,-1,860,50,-1,-1,-1,-1,-1,-1,-1,-1,-1,-1,-1,-1,-1,False,1886,1,1,0,0.001009,0.085483,7.1601,25.308517,4.596918,37.169943,stream,100000,1
operation,6,timer,1009230766,1009231599,1009260551,1009272852,1017109896,1040825884,1042966326,-1,7842689,21805034,19735,3945,0,1851186,1,1,0,0,1,30443,26935014,2038650,90855,29070616,-1,-1,766,49,-1,-1,-1,-1,-1,-1,-1,-1,-1,-1,-1,-1,-1,False,1780,1,1,0,0.000833,0.028952,7.837044,23.715988,2.140442,33.73556,stream,100000,1
operation,7,timer,1043195595,1043196634,1043225661,1043236211,1045545691,1068822787,1070938363,-1,2314528,21497964,12217,3738,0,1743557,1,1,0,0,1,14572,24548909,2035240,71336,26660719,-1,-1,764,49,-1,-1,-1,-1,-1,-1,-1,-1,-1,-1,-1,-1,-1,False,1777,1,1,0,0.001039,0.029027,2.30948,23.277096,2.115576,27.742768,stream,100000,1
operation,8,timer,1071307766,1071308502,1071331747,1071344182,1074352310,1096932454,1098948968,-1,3012373,21323169,5952,3260,0,1233224,1,1,0,0,1,10294,24219912,1764999,240723,26232224,-1,-1,741,44,-1,-1,-1,-1,-1,-1,-1,-1,-1,-1,-1,-1,-1,False,1710,1,1,0,0.000736,0.023245,3.008128,22.580144,2.016514,27.641202,stream,100000,1
operation,9,timer,1099183403,1099184164,1099236762,1099253048,1101279607,1120971279,1123183003,-1,2028996,18111398,5041,2720,0,1558269,1,1,0,0,1,11807,20729287,2112220,90707,22937145,-1,-1,748,49,-1,-1,-1,-1,-1,-1,-1,-1,-1,-1,-1,-1,-1,False,1761,1,1,0,0.000761,0.052598,2.026559,19.691672,2.211724,23.9996,stream,100000,1
operation,10,timer,1123425974,1123427114,1123453596,1123465617,1125971552,1147798686,1150429094,-1,2509187,20355773,4964,2898,0,1449953,1,1,0,0,1,10294,23170326,2542298,80422,25797360,-1,-1,787,40,-1,-1,-1,-1,-1,-1,-1,-1,-1,-1,-1,-1,-1,False,1861,1,1,0,0.00114,0.026482,2.505935,21.827134,2.630408,27.00312,stream,100000,1
operation,11,timer,1150655173,1150656014,1150683872,1150697271,1152105642,1168567902,1170210199,-1,1410323,15354257,4254,1666,0,1092488,1,1,0,0,1,7643,17262474,1560562,74401,18901404,-1,-1,756,39,-1,-1,-1,-1,-1,-1,-1,-1,-1,-1,-1,-1,-1,False,1623,1,1,0,0.000841,0.027858,1.408371,16.46226,1.642297,19.555026,stream,100000,1
operation,12,timer,1170451473,1170452255,1170477295,1170488742,1175912846,1206478110,1209783295,-1,5427662,26432397,5929,3517,0,4106151,1,1,0,0,1,13712,31781124,3217083,79095,35082499,-1,-1,661,39,-1,-1,-1,-1,-1,-1,-1,-1,-1,-1,-1,-1,-1,False,1529,1,1,0,0.000782,0.02504,5.424104,30.565264,3.305185,39.331822,stream,100000,1
operation,13,timer,1210389033,1210389984,1210415634,1210427146,1212782817,1232047843,1245730790,-1,2380747,16970427,16025,3933,0,2235605,1,1,0,0,1,13960,20574657,13551100,113559,34252471,-1,-1,599,39,-1,-1,-1,-1,-1,-1,-1,-1,-1,-1,-1,-1,-1,False,1283,1,1,0,0.000951,0.02565,2.355671,19.265026,13.682947,35.341757,stream,100000,1
operation,14,timer,1246002508,1246003376,1246031146,1246043680,1252534856,1272234223,1275962187,-1,6498728,17540916,7096,3668,0,2115565,1,1,0,0,1,24570,22304411,3636715,81741,26028104,-1,-1,524,44,-1,-1,-1,-1,-1,-1,-1,-1,-1,-1,-1,-1,-1,False,1248,1,1,0,0.000868,0.02777,6.491176,19.699367,3.727964,29.959679,stream,100000,1
operation,15,timer,1276263586,1276264592,1276291013,1276305645,1281954682,1296581236,1300733840,-1,5660187,12405387,13341,4026,0,2173074,1,1,0,0,1,19576,17076240,4052797,87456,21223660,-1,-1,430,42,-1,-1,-1,-1,-1,-1,-1,-1,-1,-1,-1,-1,-1,False,954,1,1,0,0.001006,0.026421,5.649037,14.626554,4.152604,24.470254,stream,100000,1
operation,16,timer,1300981120,1300981968,1301012048,1301025553,1307648921,1320424191,1323212522,-1,6629039,10743548,5587,2335,0,2008783,1,1,0,0,1,9346,15503790,2689344,88618,18287605,-1,-1,336,41,-1,-1,-1,-1,-1,-1,-1,-1,-1,-1,-1,-1,-1,False,842,1,1,0,0.000848,0.03008,6.623368,12.77527,2.788331,22.231402,stream,100000,1
operation,17,timer,1323486129,1323486974,1323516826,1323531987,1330663897,1346634774,1351102979,-1,7136894,13702877,8876,7164,0,2223454,1,1,0,0,1,23522,18839664,4304330,151543,23302897,-1,-1,334,41,-1,-1,-1,-1,-1,-1,-1,-1,-1,-1,-1,-1,-1,False,840,1,1,0,0.000845,0.029852,7.13191,15.970877,4.468205,27.61685,stream,100000,1
operation,18,timer,1351507710,1351509531,1351606178,1351636438,1358364758,1376483112,1381682397,-1,6733708,15281302,8396,7271,0,2798017,1,1,0,0,1,17980,21211146,5029486,157591,26405043,-1,-1,306,41,-1,-1,-1,-1,-1,-1,-1,-1,-1,-1,-1,-1,-1,False,808,1,1,0,0.001821,0.096647,6.72832,18.118354,5.199285,30.174687,stream,100000,1
operation,19,timer,1382026295,1382027195,1382065899,1382085654,1390814093,1406772285,1411398329,-1,8733533,13646354,6603,3764,0,2279134,1,1,0,0,1,17243,19392558,4459203,152119,24012715,-1,-1,298,40,-1,-1,-1,-1,-1,-1,-1,-1,-1,-1,-1,-1,-1,False,794,1,1,0,0.0009,0.038704,8.728439,15.958192,4.626044,29.372034,stream,100000,1
operation,20,timer,1411724030,1411724940,1411758691,1411771624,1418770355,1436224112,1441317102,-1,7008138,15092892,7103,3513,0,2328899,1,1,0,0,1,11943,20142806,5004491,77464,25231427,-1,-1,273,32,-1,-1,-1,-1,-1,-1,-1,-1,-1,-1,-1,-1,-1,False,711,1,1,0,0.00091,0.033751,6.998731,17.453757,5.09299,29.593072,stream,100000,1
operation,21,timer,1441617347,1441618175,1441654569,1441674839,1449439993,1459507613,1465096278,-1,7768429,7534560,9391,5940,0,2500567,1,1,0,0,1,13887,12363164,5306701,252022,17938221,-1,-1,178,32,-1,-1,-1,-1,-1,-1,-1,-1,-1,-1,-1,-1,-1,False,425,1,1,0,0.000828,0.036394,7.765154,10.06762,5.588665,23.478931,stream,100000,1
operation,22,timer,1465650268,1465651160,1465685630,1465700927,1475573341,1484735341,1486140405,-1,9881189,7836985,6705,2719,0,1295926,1,1,0,0,1,10890,13224843,1339178,60013,14626691,-1,-1,83,32,-1,-1,-1,-1,-1,-1,-1,-1,-1,-1,-1,-1,-1,False,331,1,1,0,0.000892,0.03447,9.872414,9.162,1.405064,20.490137,stream,100000,1
operation,23,timer,1486351319,1486351808,1486373113,1486380200,1487746399,1496491249,1498370040,-1,1368214,7099966,5676,2692,0,1616007,1,1,0,0,1,18494,9408327,1692699,161901,11276919,-1,-1,73,31,-1,-1,-1,-1,-1,-1,-1,-1,-1,-1,-1,-1,-1,False,315,1,1,0,0.000489,0.021305,1.366199,8.74485,1.878791,12.018721,stream,100000,1
operation,24,timer,1498879815,1498881537,1498976010,1498997889,1501741396,1511599407,1513355120,-1,2747343,8321208,13254,4587,0,1502367,1,1,0,0,1,12759,11124038,1699001,50259,12876971,-1,-1,87,30,-1,-1,-1,-1,-1,-1,-1,-1,-1,-1,-1,-1,-1,False,327,1,1,0,0.001722,0.094473,2.743507,9.858011,1.755713,14.475305,stream,100000,1
operation,25,timer,1513574249,1513574950,1513606484,1513617561,1515878493,1526542898,1528857791,-1,2267291,9067894,6107,2984,0,1568993,1,1,0,0,1,12068,11708180,1812031,489979,14018580,-1,-1,56,22,-1,-1,-1,-1,-1,-1,-1,-1,-1,-1,-1,-1,-1,False,234,1,1,0,0.000701,0.031534,2.260932,10.664405,2.314893,15.283542,stream,100000,1
operation,26,timer,1529395031,1529395974,1529422054,1529433979,1534395866,1544310909,1546539342,-1,4965226,8094915,7980,2837,0,1786692,1,1,0,0,1,19280,11969387,2051049,148482,14184638,-1,-1,56,22,-1,-1,-1,-1,-1,-1,-1,-1,-1,-1,-1,-1,-1,False,234,1,1,0,0.000943,0.02608,4.961887,9.915043,2.228433,17.144311,stream,100000,1
operation,27,timer,1547271719,1547272659,1547309418,1547323567,1550004204,1558091412,1561032210,-1,2685168,6489858,8073,3404,0,1569432,1,1,0,0,1,11910,9280508,2815388,104326,12208769,-1,-1,56,22,-1,-1,-1,-1,-1,-1,-1,-1,-1,-1,-1,-1,-1,False,234,1,1,0,0.00094,0.036759,2.680637,8.087208,2.940798,13.760491,stream,100000,1
operation,28,timer,1561389416,1561390214,1561434795,1561447717,1564073259,1574651628,1576580206,-1,2628596,8843871,12425,3528,0,1701130,1,1,0,0,1,14361,12015535,1855170,64283,13939874,-1,-1,56,22,-1,-1,-1,-1,-1,-1,-1,-1,-1,-1,-1,-1,-1,False,234,1,1,0,0.000798,0.044581,2.625542,10.578369,1.928578,15.19079,stream,100000,1
operation,29,timer,1576817712,1576818542,1576845885,1576856999,1579677626,1591959557,1594017950,-1,2824731,10617910,7373,2776,0,1637040,1,1,0,0,1,12728,13615789,1955566,87042,15666403,-1,-1,56,22,-1,-1,-1,-1,-1,-1,-1,-1,-1,-1,-1,-1,-1,False,234,1,1,0,0.00083,0.027343,2.820627,12.281931,2.058393,17.200238,stream,100000,1
operation,30,timer,1594371928,1594372880,1594433964,1594450058,1598020040,1608489201,1610485891,-1,3574296,8826819,5534,2871,0,1607411,1,1,0,0,1,22212,12319656,1924953,61964,14311545,-1,-1,56,22,-1,-1,-1,-1,-1,-1,-1,-1,-1,-1,-1,-1,-1,False,234,1,1,0,0.000952,0.061084,3.569982,10.469161,1.99669,16.113963,stream,100000,1
operation,31,timer,1610715796,1610716592,1610741753,1610751947,1613635837,1624576885,1626433954,-1,2890413,9229952,10769,3212,0,1677488,1,1,0,0,1,13104,12432677,1782584,66612,14286086,-1,-1,56,22,-1,-1,-1,-1,-1,-1,-1,-1,-1,-1,-1,-1,-1,False,234,1,1,0,0.000796,0.025161,2.88389,10.941048,1.857069,15.718158,stream,100000,1
operation,32,timer,1626666375,1626667190,1626695496,1626707604,1629440319,1641500436,1643883696,-1,2745331,10489948,9621,3691,0,1531671,1,1,0,0,1,12570,13531081,2318717,56390,15910716,-1,-1,56,22,-1,-1,-1,-1,-1,-1,-1,-1,-1,-1,-1,-1,-1,False,234,1,1,0,0.000815,0.028306,2.732715,12.060117,2.38326,17.217321,stream,100000,1
operation,33,timer,1644144809,1644145641,1644206034,1644223345,1651000098,1662041005,1666977685,-1,6784358,8702708,6816,4457,0,2305919,1,1,0,0,1,13402,12950555,4724630,183300,17877311,-1,-1,57,22,-1,-1,-1,-1,-1,-1,-1,-1,-1,-1,-1,-1,-1,False,235,1,1,0,0.000832,0.060393,6.776753,11.040907,4.93668,22.832876,stream,100000,1
operation,34,timer,1667390273,1667391208,1667455926,1667479826,1673983543,1684063169,1686469869,-1,6506871,8184592,17329,5704,0,1853210,1,1,0,0,1,15637,12383286,2318739,77592,14786302,-1,-1,57,22,-1,-1,-1,-1,-1,-1,-1,-1,-1,-1,-1,-1,-1,False,235,1,1,0,0.000935,0.064718,6.503717,10.079626,2.4067,19.079596,stream,100000,1
operation,35,timer,1686639768,1686640339,1686662475,1686670491,1691465822,1704401372,1707756668,-1,4798621,10335487,17640,5687,0,2554088,1,1,0,0,1,19358,15079991,3278908,65997,18430935,-1,-1,24,22,-1,-1,-1,-1,-1,-1,-1,-1,-1,-1,-1,-1,-1,False,195,1,1,0,0.000571,0.022136,4.795331,12.93555,3.355296,21.1169,stream,100000,1
operation,36,timer,1708056875,1708057679,1708096881,1708117198,1713487374,1724232755,1728857826,-1,5373855,8421670,7524,4115,0,2294532,1,1,0,0,1,13861,12713821,4494529,118734,17334365,-1,-1,24,22,-1,-1,-1,-1,-1,-1,-1,-1,-1,-1,-1,-1,-1,False,195,1,1,0,0.000804,0.039202,5.370176,10.745381,4.625071,20.800951,stream,100000,1
operation,37,timer,1729190451,1729191095,1729218908,1729242140,1737377661,1751284719,1756132440,-1,8143493,11351941,9228,4657,0,2508952,1,1,0,0,1,24308,16819742,4663631,160431,21658649,-1,-1,24,22,-1,-1,-1,-1,-1,-1,-1,-1,-1,-1,-1,-1,-1,False,195,1,1,0,0.000644,0.027813,8.135521,13.907058,4.847721,26.941989,stream,100000,1
operation,38,timer,1756537122,1756538161,1756611955,1756627913,1763764885,1785268296,1790022721,-1,7141508,18804995,25599,6398,0,2634552,1,1,0,0,1,27331,24498475,4617160,121938,29245954,-1,-1,24,22,-1,-1,-1,-1,-1,-1,-1,-1,-1,-1,-1,-1,-1,False,195,1,1,0,0.001039,0.073794,7.136972,21.503411,4.754425,33.485599,stream,100000,1
operation,39,timer,1790353633,1790354562,1790396673,1790415666,1797857495,1812624972,1820919964,-1,7448104,12300138,6996,3793,0,2419430,1,1,0,0,1,30845,17593104,7845893,437757,25883954,-1,-1,24,22,-1,-1,-1,-1,-1,-1,-1,-1,-1,-1,-1,-1,-1,False,195,1,1,0,0.000929,0.042111,7.441829,14.767477,8.294992,30.566331,stream,100000,1
operation,40,timer,1821465000,1821465919,1821503769,1821517445,1829391105,1843378925,1851273259,-1,7883275,11578384,6692,3674,0,2374363,1,1,0,0,1,15092,16836779,7808547,76302,24727356,-1,-1,24,22,-1,-1,-1,-1,-1,-1,-1,-1,-1,-1,-1,-1,-1,False,195,1,1,0,0.000919,0.03785,7.87366,13.98782,7.894334,29.808259,stream,100000,1
operation,41,timer,1851521786,1851522653,1851550186,1851563200,1859206256,1869778585,1871807780,-1,7647977,8921812,10698,3683,0,1617955,1,1,0,0,1,13260,11830725,1952242,68703,13856055,-1,-1,24,22,-1,-1,-1,-1,-1,-1,-1,-1,-1,-1,-1,-1,-1,False,195,1,1,0,0.000867,0.027533,7.643056,10.572329,2.029195,20.285994,stream,100000,1
operation,42,timer,1872076365,1872077269,1872126820,1872143613,1874998558,1887083470,1889460102,-1,2859019,9990638,7981,3173,0,2047084,1,1,0,0,1,31962,13614674,2144562,204475,15978853,-1,-1,24,22,-1,-1,-1,-1,-1,-1,-1,-1,-1,-1,-1,-1,-1,False,195,1,1,0,0.000904,0.049551,2.854945,12.084912,2.376632,17.383737,stream,100000,1
operation,43,timer,1889846188,1889847287,1889917425,1889932670,1893056161,1904330960,1909074529,-1,3127724,9166677,6919,3501,0,2076587,1,1,0,0,1,16882,12668796,4367084,363865,17406806,-1,-1,25,22,-1,-1,-1,-1,-1,-1,-1,-1,-1,-1,-1,-1,-1,False,196,1,1,0,0.001099,0.070138,3.123491,11.274799,4.743569,19.228341,stream,100000,1
operation,44,timer,1909523201,1909524102,1909751365,1909771157,1912317419,1924805991,1933044225,-1,2550045,8960124,7501,3039,0,3497163,1,1,0,0,1,16962,13918554,8166100,62642,22152221,-1,-1,25,22,-1,-1,-1,-1,-1,-1,-1,-1,-1,-1,-1,-1,-1,False,196,1,1,0,0.000901,0.227263,2.546262,12.488572,8.238234,23.521024,stream,100000,1
operation,45,timer,1934227672,1934230390,1934327002,1934342740,1939190549,1955106017,1957204429,-1,4851562,14090217,6689,2990,0,1788944,1,1,0,0,1,22875,17212194,2001992,84741,19306197,-1,-1,24,22,-1,-1,-1,-1,-1,-1,-1,-1,-1,-1,-1,-1,-1,False,195,1,1,0,0.002718,0.096612,4.847809,15.915468,2.098412,22.976757,stream,100000,1
operation,46,timer,1957458081,1957459122,1957492284,1957504483,1959845722,1970610863,1972886763,-1,2344629,8776323,6608,2844,0,1950680,1,1,0,0,1,25296,12018417,2062814,189723,14283745,-1,-1,24,22,-1,-1,-1,-1,-1,-1,-1,-1,-1,-1,-1,-1,-1,False,195,1,1,0,0.001041,0.033162,2.341239,10.765141,2.2759,15.428682,stream,100000,1
operation,47,timer,1973719072,1973720768,1973776648,1973807839,1976659140,1987800999,1989735533,-1,2854916,9142670,6086,2801,0,1973854,1,1,0,0,1,12833,12400290,1865678,60574,14331244,-1,-1,24,22,-1,-1,-1,-1,-1,-1,-1,-1,-1,-1,-1,-1,-1,False,195,1,1,0,0.001696,0.05588,2.851301,11.141859,1.934534,16.016461,stream,100000,1
operation,48,timer,1990291258,1990292353,1990325816,1990338519,1992716696,2004776130,2006752957,-1,2384202,10276356,6946,3451,0,1741588,1,1,0,0,1,25068,13369560,1890923,76511,15341845,-1,-1,24,22,-1,-1,-1,-1,-1,-1,-1,-1,-1,-1,-1,-1,-1,False,195,1,1,0,0.001095,0.033463,2.378177,12.059434,1.976827,16.461699,stream,100000,1
operation,49,timer,2007473153,2007474169,2007503548,2007516456,2015563029,2065636713,2075601165,-1,8054928,40584911,21529,7685,0,9424968,1,1,0,0,1,26236,53276942,9801322,145311,63235322,-1,-1,24,22,-1,-1,-1,-1,-1,-1,-1,-1,-1,-1,-1,-1,-1,False,195,1,1,0,0.001016,0.029379,8.046573,50.073684,9.964452,68.128012,stream,100000,1
operation,50,timer,2075879735,2075880591,2075915132,2075929115,2082512327,2100505798,2107681819,-1,6591758,14589019,9905,5598,0,3345958,1,1,0,0,1,34445,20759605,6920480,223035,27924471,-1,-1,24,22,-1,-1,-1,-1,-1,-1,-1,-1,-1,-1,-1,-1,-1,False,195,1,1,0,0.000856,0.034541,6.583212,17.993471,7.176021,31.802084,stream,100000,1
operation,51,timer,2108395563,2108397156,2108494103,2108520358,2117179573,2131928881,2141104293,-1,8664325,11848699,18426,27409,0,2823932,1,1,0,0,1,25732,18202741,9015123,139672,27370563,-1,-1,24,22,-1,-1,-1,-1,-1,-1,-1,-1,-1,-1,-1,-1,-1,False,195,1,1,0,0.001593,0.096947,8.659215,14.749308,9.175412,32.70873,stream,100000,1
operation,52,timer,2141441016,2141442387,2141493821,2141512268,2147768015,2163413645,2174388022,-1,6262783,13513905,6756,3451,0,2100464,1,1,0,0,1,14018,18213559,10872645,91484,29183943,-1,-1,24,22,-1,-1,-1,-1,-1,-1,-1,-1,-1,-1,-1,-1,-1,False,195,1,1,0,0.001371,0.051434,6.255747,15.64563,10.974377,32.947006,stream,100000,1
operation,53,timer,2174650501,2174651513,2174683306,2174696950,2199004583,2244025895,2259456039,-1,24313075,36262173,7912,4156,0,8722013,1,1,0,0,1,19616,53619554,15330556,88030,69045088,-1,-1,25,22,-1,-1,-1,-1,-1,-1,-1,-1,-1,-1,-1,-1,-1,False,196,1,1,0,0.001012,0.031793,24.307633,45.021312,15.430144,84.805538,stream,100000,1
operation,54,timer,2259756174,2259757083,2261319316,2261399415,2285071073,2323359802,2330470093,-1,23677151,30104829,17070,44250,0,8094899,1,1,0,0,1,22188,43451715,7017774,81916,50557885,-1,-1,25,22,-1,-1,-1,-1,-1,-1,-1,-1,-1,-1,-1,-1,-1,False,196,1,1,0,0.000909,1.562233,23.671658,38.288729,7.110291,70.713919,stream,100000,1
operation,55,timer,2330714575,2330715417,2330743694,2330756690,2346317004,2359951894,2363957503,-1,15565357,11199167,7203,3863,0,2388455,1,1,0,0,1,31159,22450231,3904567,87494,26449615,-1,-1,24,22,-1,-1,-1,-1,-1,-1,-1,-1,-1,-1,-1,-1,-1,False,195,1,1,0,0.000842,0.028277,15.560314,13.63489,4.005609,33.242928,stream,100000,1
operation,56,timer,2364203930,2364204838,2364235383,2364249879,2370493873,2383768730,2391176133,-1,6248932,11026711,8361,3644,0,2217653,1,1,0,0,1,13550,15810094,7298886,94701,23212953,-1,-1,24,22,-1,-1,-1,-1,-1,-1,-1,-1,-1,-1,-1,-1,-1,False,195,1,1,0,0.000908,0.030545,6.243994,13.274857,7.407403,26.972203,stream,100000,1
operation,57,timer,2391435359,2391436186,2391483279,2391498204,2397730915,2411393017,2415676109,-1,6238014,11415428,16427,3419,0,2208078,1,1,0,0,1,13447,16218747,3927832,344444,20497902,-1,-1,24,22,-1,-1,-1,-1,-1,-1,-1,-1,-1,-1,-1,-1,-1,False,195,1,1,0,0.000827,0.047093,6.232711,13.662102,4.283092,24.24075,stream,100000,1
operation,58,timer,2416149412,2416150319,2416179270,2416195080,2422563632,2436272689,2440308838,-1,6373794,11159434,12119,4747,0,2509364,1,1,0,0,1,18151,16238166,3689746,335712,20270385,-1,-1,24,22,-1,-1,-1,-1,-1,-1,-1,-1,-1,-1,-1,-1,-1,False,195,1,1,0,0.000907,0.028951,6.368552,13.709057,4.036149,24.159426,stream,100000,1
operation,59,timer,2440760250,2440761249,2440798252,2440811813,2447347114,2472932074,2476245363,-1,6540465,18184551,6114,2709,0,7371011,1,1,0,0,1,15411,28323896,3221357,81648,31632913,-1,-1,24,22,-1,-1,-1,-1,-1,-1,-1,-1,-1,-1,-1,-1,-1,False,195,1,1,0,0.000999,0.037003,6.535301,25.58496,3.313289,35.485113,stream,100000,1
operation,60,timer,2476469511,2476470630,2476505761,2476518030,2483812830,2501677582,2503914210,-1,7298521,16161988,13859,2919,0,1669860,1,1,0,0,1,12405,21959714,1882160,346278,24192434,-1,-1,24,22,-1,-1,-1,-1,-1,-1,-1,-1,-1,-1,-1,-1,-1,False,195,1,1,0,0.001119,0.035131,7.2948,17.864752,2.236628,27.444699,stream,100000,1
operation,61,timer,2504339689,2504340687,2504367087,2504378790,2506751167,2519702320,2521692862,-1,2384145,11242076,6583,3291,0,1667614,1,1,0,0,1,19821,14259743,1910469,70800,16245902,-1,-1,24,22,-1,-1,-1,-1,-1,-1,-1,-1,-1,-1,-1,-1,-1,False,195,1,1,0,0.000998,0.0264,2.372377,12.951153,1.990542,17.353173,stream,100000,1
operation,62,timer,2521982543,2521983354,2522005733,2522019200,2522768121,2555984052,2558137206,-1,751898,13358789,13337,15194,12795491,1867008,1,1,2,1,1,5163135,33625951,2014355,131423,35774404,-1,-1,24,22,-1,-1,-1,-1,-1,-1,-1,-1,-1,-1,-1,-1,-1,False,195,1,1,0,0.000811,0.022379,0.748921,33.215931,2.153154,36.154663,stream,100000,1
operation,3,timer,921636671,921637479,947336035,947363427,954708755,983045263,987394340,-1,7350629,26310984,5508,3215,0,2000207,1,1,0,0,1,11293,31395816,4174934,163552,35740793,-1,-1,1048,66,-1,-1,-1,-1,-1,-1,-1,-1,-1,-1,-1,-1,-1,False,2386,1,1,0,0.000808,25.698556,7.345328,28.336508,4.349077,65.757669,stream,100000,2
operation,4,timer,987659890,987660672,1009560096,1009591640,1017206660,1046614449,1051203188,-1,7620083,27288470,6111,13014,0,2080473,1,1,0,0,1,14658,32528761,4422520,156323,37113459,-1,-1,954,52,-1,-1,-1,-1,-1,-1,-1,-1,-1,-1,-1,-1,-1,False,2179,1,1,0,0.000782,21.899424,7.61502,29.407789,4.588739,63.543298,stream,100000,2
operation,5,timer,1051765048,1051766110,1051795786,1051808054,1059660235,1085597597,1090375756,-1,7861052,23763938,6964,3459,0,2140916,1,1,0,0,1,13214,29351859,4614082,152717,34126483,-1,-1,860,50,-1,-1,-1,-1,-1,-1,-1,-1,-1,-1,-1,-1,-1,False,1886,1,1,0,0.001062,0.029676,7.852181,25.937362,4.778159,38.610708,stream,100000,2
operation,6,timer,1090682504,1090683267,1090719484,1090732465,1094077930,1112613147,1113937562,-1,3351099,17182807,7204,2027,0,1316865,1,1,0,0,1,20680,20036110,1209464,100459,21352704,-1,-1,766,49,-1,-1,-1,-1,-1,-1,-1,-1,-1,-1,-1,-1,-1,False,1780,1,1,0,0.000763,0.036217,3.345465,18.535217,1.324415,23.255058,stream,100000,2
operation,7,timer,1114148857,1114149472,1114188978,1114198807,1115597149,1133670434,1136051383,-1,1400652,16232212,5179,3411,0,1810714,1,1,0,0,1,19459,18765480,2302611,68039,21141172,-1,-1,764,49,-1,-1,-1,-1,-1,-1,-1,-1,-1,-1,-1,-1,-1,False,1777,1,1,0,0.000615,0.039506,1.398342,18.073285,2.380949,21.902526,stream,100000,2
operation,8,timer,1136258103,1136258913,1136285606,1136296383,1138622547,1158888061,1160224687,-1,2329479,18944477,6082,3032,0,1296815,1,1,0,0,1,11793,21314549,1275398,54742,22647903,-1,-1,741,44,-1,-1,-1,-1,-1,-1,-1,-1,-1,-1,-1,-1,-1,False,1710,1,1,0,0.00081,0.026693,2.326164,20.265514,1.336626,23.966584,stream,100000,2
operation,9,timer,1160440234,1160441072,1160465473,1160476605,1161856654,1180719607,1182785332,-1,1383008,17652576,4984,2587,0,1191134,1,1,0,0,1,8713,19564692,1999926,59440,21627583,-1,-1,748,49,-1,-1,-1,-1,-1,-1,-1,-1,-1,-1,-1,-1,-1,False,1761,1,1,0,0.000838,0.024401,1.380049,18.862953,2.065725,22.345098,stream,100000,2
operation,10,timer,1182979585,1182980377,1183005832,1183021136,1184398968,1202026442,1203280395,-1,1379928,16611525,3982,2048,0,1000277,1,1,0,0,1,7546,18270972,1176532,69956,19521428,-1,-1,787,40,-1,-1,-1,-1,-1,-1,-1,-1,-1,-1,-1,-1,-1,False,1861,1,1,0,0.000792,0.025455,1.377832,17.627474,1.253953,20.30081,stream,100000,2
operation,11,timer,1203498691,1203499406,1203527859,1203538904,1206012765,1221909480,1223172785,-1,2476970,14478777,7462,3502,0,1393372,1,1,0,0,1,10493,17147285,1210607,47940,18408146,-1,-1,756,39,-1,-1,-1,-1,-1,-1,-1,-1,-1,-1,-1,-1,-1,False,1623,1,1,0,0.000715,0.028453,2.473861,15.896715,1.263305,19.674094,stream,100000,2
operation,12,timer,1223305175,1223305596,1223324675,1223330969,1224630818,1241420320,1243975894,-1,1301642,15282709,5983,2798,0,1486088,1,1,0,0,1,10131,17430277,2428112,108422,19973892,-1,-1,661,39,-1,-1,-1,-1,-1,-1,-1,-1,-1,-1,-1,-1,-1,False,1529,1,1,0,0.000421,0.019079,1.299849,16.789502,2.555574,20.670719,stream,100000,2
operation,13,timer,1244311912,1244312459,1244370374,1244379917,1246001291,1257547966,1258711037,-1,1624765,10481016,4043,1744,0,1047665,1,1,0,0,1,8816,12244172,1088052,60169,13403904,-1,-1,599,39,-1,-1,-1,-1,-1,-1,-1,-1,-1,-1,-1,-1,-1,False,1283,1,1,0,0.000547,0.057915,1.621374,11.546675,1.163071,14.399125,stream,100000,2
operation,14,timer,1258866909,1258867452,1258895646,1258902392,1261094859,1274620375,1277091748,-1,2195271,12105248,5498,2629,0,1399815,1,1,0,0,1,9522,14809184,2391618,72790,17276998,-1,-1,524,44,-1,-1,-1,-1,-1,-1,-1,-1,-1,-1,-1,-1,-1,False,1248,1,1,0,0.000543,0.028194,2.192467,13.525516,2.471373,18.224839,stream,100000,2
operation,15,timer,1277441826,1277442455,1277463727,1277475338,1279138760,1287023883,1288083801,-1,1665379,6849044,3996,1959,0,1020822,1,1,0,0,1,7345,8607788,1006613,48254,9664961,-1,-1,430,42,-1,-1,-1,-1,-1,-1,-1,-1,-1,-1,-1,-1,-1,False,954,1,1,0,0.000629,0.021272,1.663422,7.885123,1.059918,10.641975,stream,100000,2
operation,16,timer,1288217467,1288217901,1288236023,1288242181,1289473297,1301736484,1306398722,-1,1233218,9863772,6038,4035,0,2367759,1,1,0,0,1,19481,12883531,4517858,131104,17540942,-1,-1,336,41,-1,-1,-1,-1,-1,-1,-1,-1,-1,-1,-1,-1,-1,False,842,1,1,0,0.000434,0.018122,1.231116,12.263187,4.662238,18.181255,stream,100000,2
operation,17,timer,1306685455,1306686193,1306716382,1306730185,1314305940,1330906676,1336969816,-1,7582574,13629091,7564,5070,0,2886485,1,1,0,0,1,65707,19919157,5839218,193881,25970549,-1,-1,334,41,-1,-1,-1,-1,-1,-1,-1,-1,-1,-1,-1,-1,-1,False,840,1,1,0,0.000738,0.030189,7.575755,16.600736,6.06314,30.284361,stream,100000,2
operation,18,timer,1337462225,1337463461,1337541521,1337577178,1346412753,1363201273,1369588106,-1,8840893,13937858,8006,4875,0,2800213,1,1,0,0,1,32250,20300573,6238028,134420,26681829,-1,-1,306,41,-1,-1,-1,-1,-1,-1,-1,-1,-1,-1,-1,-1,-1,False,808,1,1,0,0.001236,0.07806,8.835575,16.78852,6.386833,32.125881,stream,100000,2
operation,19,timer,1369869347,1369870233,1369923709,1369939228,1378011118,1393171987,1397250608,-1,8075105,13009481,6414,3593,0,2125729,1,1,0,0,1,12437,18130414,3969692,93335,22202269,-1,-1,298,40,-1,-1,-1,-1,-1,-1,-1,-1,-1,-1,-1,-1,-1,False,794,1,1,0,0.000886,0.053476,8.07189,15.160869,4.078621,27.381261,stream,100000,2
operation,20,timer,1397511482,1397512147,1397593686,1397609225,1404731716,1417258340,1420766690,-1,7133529,10954417,5318,2501,0,1544362,1,1,0,0,1,8988,16552094,3270614,221789,20054554,-1,-1,273,32,-1,-1,-1,-1,-1,-1,-1,-1,-1,-1,-1,-1,-1,False,711,1,1,0,0.000665,0.081539,7.122491,12.526624,3.50835,23.255208,stream,100000,2
operation,21,timer,1421307412,1421308609,1421360719,1421381779,1432157584,1443711489,1448683415,-1,10779770,9271446,9994,4142,0,2248961,1,1,0,0,1,15397,15353131,4803074,158114,20320511,-1,-1,178,32,-1,-1,-1,-1,-1,-1,-1,-1,-1,-1,-1,-1,-1,False,425,1,1,0,0.001197,0.05211,10.775805,11.553905,4.971926,27.376003,stream,100000,2
operation,22,timer,1449040747,1449041764,1449081702,1449097138,1457253564,1468489161,1474173285,-1,8161854,8855633,7217,3841,0,2350418,1,1,0,0,1,13060,13548659,5529101,139880,19226400,-1,-1,83,32,-1,-1,-1,-1,-1,-1,-1,-1,-1,-1,-1,-1,-1,False,331,1,1,0,0.001017,0.039938,8.156426,11.235597,5.684124,25.132538,stream,100000,2
operation,23,timer,1474487881,1474488726,1474525336,1474548265,1482905595,1495365612,1501787651,-1,8362018,9861205,10087,4372,0,2561879,1,1,0,0,1,17786,15885095,6328957,80916,22301923,-1,-1,73,31,-1,-1,-1,-1,-1,-1,-1,-1,-1,-1,-1,-1,-1,False,315,1,1,0,0.000845,0.03661,8.35733,12.460017,6.422039,27.29977,stream,100000,2
operation,24,timer,1502083269,1502084431,1502121581,1502136723,1513998673,1525712083,1531509856,-1,11871310,9900375,5081,2467,0,1785353,1,1,0,0,1,10774,16934189,5556301,209980,22719252,-1,-1,87,30,-1,-1,-1,-1,-1,-1,-1,-1,-1,-1,-1,-1,-1,False,327,1,1,0,0.001162,0.03715,11.86195,11.71341,5.797773,29.426587,stream,100000,2
operation,25,timer,1532006249,1532008253,1532082973,1532101470,1541655039,1556373861,1562589206,-1,9569428,11686628,17337,4811,0,2973728,1,1,0,0,1,20459,18261422,6111998,89164,24471810,-1,-1,56,22,-1,-1,-1,-1,-1,-1,-1,-1,-1,-1,-1,-1,-1,False,234,1,1,0,0.002004,0.07472,9.553569,14.718822,6.215345,30.582957,stream,100000,2
operation,26,timer,1562886160,1562887042,1562913851,1562925717,1565206230,1573878273,1574992096,-1,2282637,7256346,10792,3215,0,1390451,1,1,0,0,1,9115,9451242,1070461,38466,10562337,-1,-1,56,22,-1,-1,-1,-1,-1,-1,-1,-1,-1,-1,-1,-1,-1,False,234,1,1,0,0.000882,0.026809,2.280513,8.672043,1.113823,12.105936,stream,100000,2
operation,27,timer,1575129584,1575130061,1575149420,1575156122,1576492377,1584776485,1587059256,-1,1338192,6379251,5115,3152,0,1882038,1,1,0,0,1,12615,8957311,2141609,118030,11230297,-1,-1,56,22,-1,-1,-1,-1,-1,-1,-1,-1,-1,-1,-1,-1,-1,False,234,1,1,0,0.000477,0.019359,1.336255,8.284108,2.282771,11.929672,stream,100000,2
operation,28,timer,1587571386,1587572262,1587632974,1587651099,1590882546,1601320800,1603499912,-1,3237641,8586108,8178,3020,0,1808562,1,1,0,0,1,26192,11875284,2038097,119810,14044587,-1,-1,56,22,-1,-1,-1,-1,-1,-1,-1,-1,-1,-1,-1,-1,-1,False,234,1,1,0,0.000876,0.060712,3.231447,10.438254,2.179112,15.928526,stream,100000,2
operation,29,timer,1603866978,1603868622,1603960331,1603980002,1606629771,1614093695,1616562847,-1,2653153,6053820,4240,1602,0,1392372,1,1,0,0,1,8506,8873976,2398892,62956,11339990,-1,-1,56,22,-1,-1,-1,-1,-1,-1,-1,-1,-1,-1,-1,-1,-1,False,234,1,1,0,0.001644,0.091709,2.649769,7.463924,2.469152,12.695869,stream,100000,2
operation,30,timer,1616713247,1616713793,1616734264,1616740842,1619120937,1628843297,1630420120,-1,2383028,7767517,15226,4362,0,1913884,1,1,0,0,1,18438,11032622,1494720,74497,12605892,-1,-1,56,22,-1,-1,-1,-1,-1,-1,-1,-1,-1,-1,-1,-1,-1,False,234,1,1,0,0.000546,0.020471,2.380095,9.72236,1.576823,13.706873,stream,100000,2
operation,31,timer,1630599796,1630600531,1630639625,1630654709,1634174492,1642081189,1643858816,-1,3523201,6613461,6090,3680,0,1269187,1,1,0,0,1,10861,9572226,1714212,56083,11346854,-1,-1,56,22,-1,-1,-1,-1,-1,-1,-1,-1,-1,-1,-1,-1,-1,False,234,1,1,0,0.000735,0.039094,3.519783,7.906697,1.777627,13.25902,stream,100000,2
operation,32,timer,1644078981,1644079726,1644114741,1644125169,1646756719,1656135429,1658007587,-1,2634841,7761044,7102,3062,0,1592371,1,1,0,0,1,11840,10878971,1792346,68090,12745741,-1,-1,56,22,-1,-1,-1,-1,-1,-1,-1,-1,-1,-1,-1,-1,-1,False,234,1,1,0,0.000745,0.035015,2.63155,9.37871,1.872158,13.928606,stream,100000,2
operation,33,timer,1658241756,1658242509,1658268597,1658278729,1660278734,1666863596,1668121376,-1,2003810,5436621,4286,1682,0,1129488,1,1,0,0,1,8980,7488202,1213168,38511,8742918,-1,-1,57,22,-1,-1,-1,-1,-1,-1,-1,-1,-1,-1,-1,-1,-1,False,235,1,1,0,0.000753,0.026088,2.000005,6.584862,1.25778,9.87962,stream,100000,2
operation,34,timer,1668502092,1668502752,1668524786,1668531492,1671443798,1679040956,1680124869,-1,2916106,6426272,5380,1783,0,1151640,1,1,0,0,1,8283,8941883,1026234,49459,10022181,-1,-1,57,22,-1,-1,-1,-1,-1,-1,-1,-1,-1,-1,-1,-1,-1,False,235,1,1,0,0.00066,0.022034,2.912306,7.597158,1.083913,11.622777,stream,100000,2
operation,35,timer,1680353903,1680354668,1680399361,1680412490,1681858242,1690763539,1692626712,-1,1447999,7376255,7694,2924,0,1503958,1,1,0,0,1,12219,9581777,1799371,55679,11441182,-1,-1,24,22,-1,-1,-1,-1,-1,-1,-1,-1,-1,-1,-1,-1,-1,False,195,1,1,0,0.000765,0.044693,1.445752,8.905297,1.863173,12.272809,stream,100000,2
operation,36,timer,1692831946,1692832893,1692860079,1692871663,1696025387,1706223042,1708189129,-1,3157200,8537654,9195,5457,0,1628934,1,1,0,0,1,12939,11502559,1905542,52051,13464553,-1,-1,24,22,-1,-1,-1,-1,-1,-1,-1,-1,-1,-1,-1,-1,-1,False,195,1,1,0,0.000947,0.027186,3.153724,10.197655,1.966087,15.357183,stream,100000,2
operation,37,timer,1708393668,1708394752,1708419408,1708430764,1709962414,1720723385,1725242058,-1,1533605,8283857,8612,3036,0,2434086,1,1,0,0,1,29425,11441022,4421513,80676,15952082,-1,-1,24,22,-1,-1,-1,-1,-1,-1,-1,-1,-1,-1,-1,-1,-1,False,195,1,1,0,0.001084,0.024656,1.53165,10.760971,4.518673,16.84839,stream,100000,2
operation,38,timer,1725589980,1725592524,1725663038,1725676835,1734757634,1746214872,1750626094,-1,9085607,9576912,15591,3815,0,1797221,1,1,0,0,1,58891,14602487,4302126,93794,19007055,-1,-1,24,22,-1,-1,-1,-1,-1,-1,-1,-1,-1,-1,-1,-1,-1,False,195,1,1,0,0.002544,0.070514,9.080799,11.457238,4.411222,25.036114,stream,100000,2
operation,39,timer,1750894777,1750896042,1750932283,1750949808,1758263974,1770708280,1774805001,-1,7320142,10018266,6801,4004,0,2383346,1,1,0,0,1,25913,15370495,4028131,56093,19461952,-1,-1,24,22,-1,-1,-1,-1,-1,-1,-1,-1,-1,-1,-1,-1,-1,False,195,1,1,0,0.001265,0.036241,7.314166,12.444306,4.096721,23.910224,stream,100000,2
operation,40,timer,1774979057,1774979596,1775005255,1775013855,1780707713,1792395366,1798020223,-1,5700634,9403181,6698,3631,0,2253334,1,1,0,0,1,14033,14237423,5430549,171246,19853576,-1,-1,24,22,-1,-1,-1,-1,-1,-1,-1,-1,-1,-1,-1,-1,-1,False,195,1,1,0,0.000539,0.025659,5.693858,11.687653,5.624857,23.041166,stream,100000,2
operation,41,timer,1798530552,1798531439,1798631864,1798652867,1807280061,1819142986,1823500024,-1,8632846,9457133,6833,4148,0,2370917,1,1,0,0,1,18242,15466434,4282897,63492,19819611,-1,-1,24,22,-1,-1,-1,-1,-1,-1,-1,-1,-1,-1,-1,-1,-1,False,195,1,1,0,0.000887,0.100425,8.627194,11.862925,4.357038,24.969472,stream,100000,2
operation,42,timer,1823771279,1823772397,1823805650,1823818782,1829744895,1843492913,1848960022,-1,5936344,11012217,6795,4091,0,2700928,1,1,0,0,1,13756,16646895,5283166,153755,22103501,-1,-1,24,22,-1,-1,-1,-1,-1,-1,-1,-1,-1,-1,-1,-1,-1,False,195,1,1,0,0.001118,0.033253,5.926113,13.748018,5.467109,25.188743,stream,100000,2
operation,43,timer,1849410931,1849411856,1849454549,1849476403,1859237079,1874442252,1879593970,-1,9766053,12568871,11811,4274,0,2598458,1,1,0,0,1,16382,18713416,5035117,106150,23861157,-1,-1,25,22,-1,-1,-1,-1,-1,-1,-1,-1,-1,-1,-1,-1,-1,False,196,1,1,0,0.000925,0.042693,9.760676,15.205173,5.151718,30.183039,stream,100000,2
operation,44,timer,1879905666,1879906603,1879949044,1879968678,1891147854,1905296100,1910019966,-1,11186490,11384188,4866,10745,0,2717070,1,1,0,0,1,24063,18668728,4593337,116065,23385850,-1,-1,25,22,-1,-1,-1,-1,-1,-1,-1,-1,-1,-1,-1,-1,-1,False,196,1,1,0,0.000937,0.042441,11.179176,14.148246,4.723866,30.1143,stream,100000,2
operation,45,timer,1910356794,1910357741,1910389148,1910401843,1919159982,1931152089,1932518043,-1,8765993,10164347,9891,3491,0,1788396,1,1,0,0,1,18128,15534589,1313307,44527,16896395,-1,-1,24,22,-1,-1,-1,-1,-1,-1,-1,-1,-1,-1,-1,-1,-1,False,195,1,1,0,0.000947,0.031407,8.758139,11.992107,1.365954,22.161249,stream,100000,2
operation,46,timer,1932916722,1932917703,1932945832,1932960113,1935893092,1944110701,1946242679,-1,2936186,6745468,5229,2653,0,1450906,1,1,0,0,1,10146,9784952,2069733,55650,11913851,-1,-1,24,22,-1,-1,-1,-1,-1,-1,-1,-1,-1,-1,-1,-1,-1,False,195,1,1,0,0.000981,0.028129,2.932979,8.217609,2.131978,13.325957,stream,100000,2
operation,47,timer,1946450734,1946451737,1946482715,1946494197,1949913808,1959306141,1961157303,-1,3422596,7818546,8519,3406,0,1526282,1,1,0,0,1,32595,11041814,1786956,56326,12889577,-1,-1,24,22,-1,-1,-1,-1,-1,-1,-1,-1,-1,-1,-1,-1,-1,False,195,1,1,0,0.001003,0.030978,3.419611,9.392333,1.851162,14.706569,stream,100000,2
operation,48,timer,1961373003,1961373825,1961399160,1961408950,1963169421,1971959667,1973729011,-1,1763349,7134413,5899,3695,0,1629372,1,1,0,0,1,13989,9817226,1717204,43657,11582965,-1,-1,24,22,-1,-1,-1,-1,-1,-1,-1,-1,-1,-1,-1,-1,-1,False,195,1,1,0,0.000822,0.025335,1.760471,8.790246,1.769344,12.356008,stream,100000,2
operation,49,timer,1973943683,1973944567,1973971460,1973982136,1976040599,1984637104,1986624205,-1,2061359,7063067,5276,2502,0,1512165,1,1,0,0,1,10599,9658906,1921636,57846,11642344,-1,-1,24,22,-1,-1,-1,-1,-1,-1,-1,-1,-1,-1,-1,-1,-1,False,195,1,1,0,0.000884,0.026893,2.058463,8.596505,1.987101,12.680522,stream,100000,2
operation,50,timer,1986855481,1986856271,1986888488,1986900641,1989284300,1998223565,1999337131,-1,2386002,7606670,12206,4068,0,1271362,1,1,0,0,1,42616,10156001,1049179,56360,11265791,-1,-1,24,22,-1,-1,-1,-1,-1,-1,-1,-1,-1,-1,-1,-1,-1,False,195,1,1,0,0.00079,0.032217,2.383659,8.939265,1.113566,12.48165,stream,100000,2
operation,51,timer,1999560620,1999561363,1999590866,1999602429,2002331526,2009895263,2011353254,-1,2732240,6259315,3610,1917,0,1286746,1,1,0,0,1,9006,9101927,1386044,63107,10555637,-1,-1,24,22,-1,-1,-1,-1,-1,-1,-1,-1,-1,-1,-1,-1,-1,False,195,1,1,0,0.000743,0.029503,2.729097,7.563737,1.457991,11.792634,stream,100000,2
operation,52,timer,2011643054,2011643579,2011664873,2011671759,2012989915,2019746964,2020846303,-1,1319951,5679018,3892,1923,0,1063148,1,1,0,0,1,7273,7463918,1057740,36323,8560361,-1,-1,24,22,-1,-1,-1,-1,-1,-1,-1,-1,-1,-1,-1,-1,-1,False,195,1,1,0,0.000525,0.021294,1.318156,6.757049,1.099339,9.203249,stream,100000,2
operation,53,timer,2020991365,2020992059,2021022337,2021031902,2022913540,2030888400,2032253789,-1,1885531,6710865,4427,6531,0,1229774,1,1,0,0,1,19370,9123415,1267155,81758,10481000,-1,-1,25,22,-1,-1,-1,-1,-1,-1,-1,-1,-1,-1,-1,-1,-1,False,196,1,1,0,0.000694,0.030278,1.881638,7.97486,1.365389,11.262424,stream,100000,2
operation,54,timer,2032623683,2032624547,2032699437,2032717823,2035062065,2041681946,2043315438,-1,2347122,5584264,3798,1677,0,1019457,1,1,0,0,1,7805,7577297,1573625,53205,9207568,-1,-1,25,22,-1,-1,-1,-1,-1,-1,-1,-1,-1,-1,-1,-1,-1,False,196,1,1,0,0.000864,0.07489,2.344242,6.619881,1.633492,10.691755,stream,100000,2
operation,55,timer,2043537203,2043537893,2043570458,2043580923,2045944395,2053995941,2055947466,-1,2367323,6568017,10069,3887,0,1454686,1,1,0,0,1,11036,9293932,1885699,57606,11242115,-1,-1,24,22,-1,-1,-1,-1,-1,-1,-1,-1,-1,-1,-1,-1,-1,False,195,1,1,0,0.00069,0.032565,2.363472,8.051546,1.951525,12.410263,stream,100000,2
operation,56,timer,2056180828,2056181631,2056212324,2056222940,2058654070,2068158137,2070592696,-1,2434230,8188468,10442,1734,0,1291863,1,1,0,0,1,8460,10925528,2325815,92714,13349975,-1,-1,24,22,-1,-1,-1,-1,-1,-1,-1,-1,-1,-1,-1,-1,-1,False,195,1,1,0,0.000803,0.030693,2.43113,9.504067,2.434559,14.411868,stream,100000,2
operation,57,timer,2070960576,2070961621,2071034462,2071049526,2072905918,2081199034,2086485282,-1,1858599,6523938,5013,1956,0,1734505,1,1,0,0,1,25497,8997415,5102388,142123,14265224,-1,-1,24,22,-1,-1,-1,-1,-1,-1,-1,-1,-1,-1,-1,-1,-1,False,195,1,1,0,0.001045,0.072841,1.856392,8.293116,5.286248,15.524706,stream,100000,2
operation,58,timer,2086755556,2086756612,2086792847,2086812245,2099826355,2111841003,2117349252,-1,13023707,9460170,4811,2247,0,2527139,1,1,0,0,1,10684,16482488,5376496,115789,21985484,-1,-1,24,22,-1,-1,-1,-1,-1,-1,-1,-1,-1,-1,-1,-1,-1,False,195,1,1,0,0.001056,0.036235,13.01411,12.014648,5.508249,30.593696,stream,100000,2
operation,59,timer,2117692447,2117693581,2117734298,2117751944,2127042402,2138293964,2141288428,-1,9293718,9584312,5868,2516,0,1640067,1,1,0,0,1,15539,14071343,2925508,60197,17063774,-1,-1,24,22,-1,-1,-1,-1,-1,-1,-1,-1,-1,-1,-1,-1,-1,False,195,1,1,0,0.001134,0.040717,9.290458,11.251562,2.994464,23.595981,stream,100000,2
operation,60,timer,2141642120,2141642754,2141684331,2141698408,2150051450,2163417540,2169725607,-1,8361299,11024290,8991,4091,0,2303845,1,1,0,0,1,16616,16503049,6197510,96577,22805653,-1,-1,24,22,-1,-1,-1,-1,-1,-1,-1,-1,-1,-1,-1,-1,-1,False,195,1,1,0,0.000634,0.041577,8.353042,13.36609,6.308067,28.083487,stream,100000,2
operation,61,timer,2169988967,2169989829,2170019236,2170032106,2177032705,2190203239,2194504547,-1,7008309,10796673,10377,6046,0,2331517,1,1,0,0,1,18211,15774140,4209576,80488,20071787,-1,-1,24,22,-1,-1,-1,-1,-1,-1,-1,-1,-1,-1,-1,-1,-1,False,195,1,1,0,0.000862,0.029407,7.000599,13.170534,4.301308,24.51558,stream,100000,2
operation,62,timer,2194763366,2194764243,2194793539,2194810721,2199432894,2221239764,2224425537,-1,4627825,8755592,6294,13712,10776322,2219725,1,1,2,1,1,29573,23583060,3094289,74221,26765254,-1,-1,24,22,-1,-1,-1,-1,-1,-1,-1,-1,-1,-1,-1,-1,-1,False,195,1,1,0,0.000877,0.029296,4.622173,21.80687,3.185773,29.662171,stream,100000,2
operation,3,timer,944026687,944027810,968713591,968751124,971596316,994428288,996933005,-1,2851899,21467654,4158,1755,0,1342135,1,1,0,0,1,9563,23989584,2432110,66233,26491237,-1,-1,1048,66,-1,-1,-1,-1,-1,-1,-1,-1,-1,-1,-1,-1,-1,False,2386,1,1,0,0.001123,24.685781,2.845192,22.831972,2.504717,52.906318,stream,100000,3
operation,4,timer,997078355,997078857,1012992905,1013024220,1015673823,1038359068,1040378162,-1,2653465,21162103,5921,2583,0,1493540,1,1,0,0,1,17236,23987677,1809437,180231,25998159,-1,-1,954,52,-1,-1,-1,-1,-1,-1,-1,-1,-1,-1,-1,-1,-1,False,2179,1,1,0,0.000502,15.914048,2.649603,22.685245,2.019094,43.299807,stream,100000,3
operation,5,timer,1040742860,1040744165,1040829860,1040847416,1044229427,1061794944,1064468407,-1,3385083,16091879,4479,2607,0,1452503,1,1,0,0,1,10977,18835895,2500655,155323,21501406,-1,-1,860,50,-1,-1,-1,-1,-1,-1,-1,-1,-1,-1,-1,-1,-1,False,1886,1,1,0,0.001305,0.085695,3.382011,17.565517,2.673463,23.725547,stream,100000,3
operation,6,timer,1064784971,1064786084,1064832792,1064846609,1066483619,1086036482,1087996809,-1,1639524,18355792,8153,2781,0,1174638,1,1,0,0,1,8985,20203844,1886045,66921,22160858,-1,-1,766,49,-1,-1,-1,-1,-1,-1,-1,-1,-1,-1,-1,-1,-1,False,1780,1,1,0,0.001113,0.046708,1.63701,19.552863,1.960327,23.211838,stream,100000,3
operation,7,timer,1088206681,1088207605,1088242339,1088254777,1090903568,1113578351,1116546322,-1,2656946,20699163,6475,3220,0,1931877,1,1,0,0,1,25893,24117097,2711976,241242,27080802,-1,-1,764,49,-1,-1,-1,-1,-1,-1,-1,-1,-1,-1,-1,-1,-1,False,1777,1,1,0,0.000924,0.034734,2.648791,22.674783,2.967971,28.339641,stream,100000,3
operation,8,timer,1116818504,1116819386,1116849652,1116862342,1123309906,1148207242,1151392182,-1,6453036,22624253,7777,3557,0,2238810,1,1,0,0,1,17467,26877131,3086450,87365,30056765,-1,-1,741,44,-1,-1,-1,-1,-1,-1,-1,-1,-1,-1,-1,-1,-1,False,1710,1,1,0,0.000882,0.030266,6.447564,24.897336,3.18494,34.573678,stream,100000,3
operation,9,timer,1151627519,1151628502,1151662903,1151676267,1155457568,1182326031,1184865837,-1,3784856,24325207,6735,4254,0,2516715,1,1,0,0,1,11997,28492218,2444092,86711,31028011,-1,-1,748,49,-1,-1,-1,-1,-1,-1,-1,-1,-1,-1,-1,-1,-1,False,1761,1,1,0,0.000983,0.034401,3.781301,26.868463,2.539806,33.238318,stream,100000,3
operation,10,timer,1185118715,1185119718,1185163365,1185178345,1189228946,1216916474,1221967227,-1,4053957,25571289,16738,7421,0,2072495,1,1,0,0,1,16229,29307287,4923325,116511,34353758,-1,-1,787,40,-1,-1,-1,-1,-1,-1,-1,-1,-1,-1,-1,-1,-1,False,1861,1,1,0,0.001003,0.043647,4.050601,27.687528,5.050753,36.848512,stream,100000,3
operation,11,timer,1222203673,1222209585,1222239351,1222253057,1228618974,1249663930,1252116625,-1,6372188,19541781,8844,4542,0,1471687,1,1,0,0,1,11831,23635436,2316552,121067,26082541,-1,-1,756,39,-1,-1,-1,-1,-1,-1,-1,-1,-1,-1,-1,-1,-1,False,1623,1,1,0,0.005912,0.029766,6.365917,21.044956,2.452695,29.912952,stream,100000,3
operation,12,timer,1252440408,1252441274,1252495975,1252510481,1258528357,1280814966,1283715888,-1,6023453,20014135,6582,3843,0,2237528,1,1,0,0,1,18944,25864752,2813350,77612,28761334,-1,-1,661,39,-1,-1,-1,-1,-1,-1,-1,-1,-1,-1,-1,-1,-1,False,1529,1,1,0,0.000866,0.054701,6.017876,22.286609,2.900922,31.27548,stream,100000,3
operation,13,timer,1283960670,1283961813,1283992462,1284009159,1288238310,1305378256,1310257391,-1,4232450,14987858,6660,3825,0,2124758,1,1,0,0,1,13546,19002294,4692532,160873,23869882,-1,-1,599,39,-1,-1,-1,-1,-1,-1,-1,-1,-1,-1,-1,-1,-1,False,1283,1,1,0,0.001143,0.030649,4.229151,17.139946,4.879135,26.296721,stream,100000,3
operation,14,timer,1310781940,1310784005,1310892749,1310945428,1317336323,1336539045,1341185895,-1,6395836,16723748,5170,2521,0,2456038,1,1,0,0,1,10304,21721022,4399078,221044,26356685,-1,-1,524,44,-1,-1,-1,-1,-1,-1,-1,-1,-1,-1,-1,-1,-1,False,1248,1,1,0,0.002065,0.108744,6.390895,19.202722,4.64685,30.403955,stream,100000,3
operation,15,timer,1341591523,1341592908,1341656707,1341674975,1348593431,1363281621,1365937515,-1,6923685,12675353,6225,3773,0,1985897,1,1,0,0,1,11713,17556900,2563400,82267,20209525,-1,-1,430,42,-1,-1,-1,-1,-1,-1,-1,-1,-1,-1,-1,-1,-1,False,954,1,1,0,0.001385,0.063799,6.918456,14.68819,2.655894,24.345992,stream,100000,3
operation,16,timer,1366242603,1366243732,1366276738,1366300290,1371988272,1386074809,1387874845,-1,5694756,12590707,5850,2814,0,1462910,1,1,0,0,1,17482,16197056,1711761,79992,17993236,-1,-1,336,41,-1,-1,-1,-1,-1,-1,-1,-1,-1,-1,-1,-1,-1,False,842,1,1,0,0.001129,0.033006,5.687982,14.086537,1.800036,21.632242,stream,100000,3
operation,17,timer,1388256641,1388257414,1388284049,1388296432,1391146239,1402122971,1404298671,-1,2855761,9600682,5980,2578,0,1328914,1,1,0,0,1,32624,12401859,2082706,82746,14572852,-1,-1,334,41,-1,-1,-1,-1,-1,-1,-1,-1,-1,-1,-1,-1,-1,False,840,1,1,0,0.000773,0.026635,2.849807,10.976732,2.1757,16.04203,stream,100000,3
operation,18,timer,1404526277,1404527063,1404555471,1404567335,1407061339,1420369653,1422440992,-1,2498515,11781490,5780,2471,0,1501831,1,1,0,0,1,12231,14667198,1991994,71494,16734450,-1,-1,306,41,-1,-1,-1,-1,-1,-1,-1,-1,-1,-1,-1,-1,-1,False,808,1,1,0,0.000786,0.028408,2.494004,13.308314,2.071339,17.914715,stream,100000,3
operation,19,timer,1422677314,1422678164,1422708073,1422719045,1425183587,1436405143,1438426955,-1,2468108,9575289,5087,2936,0,1622654,1,1,0,0,1,12024,12481471,1921841,91123,14498831,-1,-1,298,40,-1,-1,-1,-1,-1,-1,-1,-1,-1,-1,-1,-1,-1,False,794,1,1,0,0.00085,0.029909,2.464542,11.221556,2.021812,15.749641,stream,100000,3
operation,20,timer,1438669938,1438670486,1438701272,1438709006,1441763481,1451835941,1453824974,-1,3057992,8559233,5457,2571,0,1486057,1,1,0,0,1,15625,11708685,1917130,63110,13692878,-1,-1,273,32,-1,-1,-1,-1,-1,-1,-1,-1,-1,-1,-1,-1,-1,False,711,1,1,0,0.000548,0.030786,3.054475,10.07246,1.989033,15.155036,stream,100000,3
operation,21,timer,1454061543,1454062375,1454092972,1454107093,1456890758,1471516601,1476012021,-1,2794143,12167773,12115,5211,0,2393736,1,1,0,0,1,36530,16083533,4297249,165466,20565619,-1,-1,178,32,-1,-1,-1,-1,-1,-1,-1,-1,-1,-1,-1,-1,-1,False,425,1,1,0,0.000832,0.030597,2.783665,14.625843,4.49542,21.950478,stream,100000,3
operation,22,timer,1476521640,1476522716,1476560720,1476586933,1480896616,1494196684,1497610695,-1,4315766,10745481,10830,4815,0,2513542,1,1,0,0,1,19317,15669459,3304907,97662,19078073,-1,-1,83,32,-1,-1,-1,-1,-1,-1,-1,-1,-1,-1,-1,-1,-1,False,331,1,1,0,0.001076,0.038004,4.309683,13.300068,3.414011,21.089055,stream,100000,3
operation,23,timer,1498032239,1498033439,1498069436,1498102362,1503093413,1517665078,1521497254,-1,4996668,11821317,20236,5974,0,2695114,1,1,0,0,1,23407,17223288,3723778,96424,21050877,-1,-1,73,31,-1,-1,-1,-1,-1,-1,-1,-1,-1,-1,-1,-1,-1,False,315,1,1,0,0.0012,0.035997,4.991051,14.571665,3.832176,23.465015,stream,100000,3
operation,24,timer,1521916099,1521917207,1521955106,1521971995,1526858694,1544840645,1553408083,-1,4895063,13845212,31152,10317,0,4018304,1,1,0,0,1,68602,20497790,8402859,149162,29059112,-1,-1,87,30,-1,-1,-1,-1,-1,-1,-1,-1,-1,-1,-1,-1,-1,False,327,1,1,0,0.001108,0.037899,4.886699,17.981951,8.567438,31.491984,stream,100000,3
operation,25,timer,1553853357,1553854806,1553902523,1553924553,1568040895,1587309069,1595310376,-1,14127092,15895482,9313,5970,0,3326257,1,1,0,0,1,20402,24843422,7852709,131229,32839680,-1,-1,56,22,-1,-1,-1,-1,-1,-1,-1,-1,-1,-1,-1,-1,-1,False,234,1,1,0,0.001449,0.047717,14.116342,19.268174,8.001307,41.457019,stream,100000,3
operation,26,timer,1595771429,1595772517,1595806363,1595824462,1604693181,1616590388,1621707978,-1,8873841,9519765,7872,2745,0,2349300,1,1,0,0,1,12403,14973174,5051402,57959,20087440,-1,-1,56,22,-1,-1,-1,-1,-1,-1,-1,-1,-1,-1,-1,-1,-1,False,234,1,1,0,0.001088,0.033846,8.868719,11.897207,5.11759,25.936549,stream,100000,3
operation,27,timer,1621893935,1621894457,1621926845,1621937546,1630416110,1642523071,1645193167,-1,8486721,10587317,5030,2733,0,1494292,1,1,0,0,1,9432,15842328,2593188,67156,18508572,-1,-1,56,22,-1,-1,-1,-1,-1,-1,-1,-1,-1,-1,-1,-1,-1,False,234,1,1,0,0.000522,0.032388,8.478564,12.106961,2.670096,23.299232,stream,100000,3
operation,28,timer,1645643474,1645644214,1645674682,1645690235,1651302250,1665231188,1670000666,-1,5617882,11091893,6136,3906,0,2798838,1,1,0,0,1,22298,16809794,4692850,66671,21575109,-1,-1,56,22,-1,-1,-1,-1,-1,-1,-1,-1,-1,-1,-1,-1,-1,False,234,1,1,0,0.00074,0.030468,5.612015,13.928938,4.769478,24.357192,stream,100000,3
operation,29,timer,1670190449,1670191019,1670218372,1670226426,1676855555,1689491572,1694550640,-1,6644190,9867059,7322,5378,0,2703166,1,1,0,0,1,38031,15275888,4952358,91920,20328280,-1,-1,56,22,-1,-1,-1,-1,-1,-1,-1,-1,-1,-1,-1,-1,-1,False,234,1,1,0,0.00057,0.027353,6.629129,12.636017,5.059068,24.360191,stream,100000,3
operation,30,timer,1694836020,1694836924,1694870178,1694882565,1703621062,1718545285,1724496724,-1,8751384,12489295,6701,4541,0,2383874,1,1,0,0,1,26925,18562862,5860169,81254,24510253,-1,-1,56,22,-1,-1,-1,-1,-1,-1,-1,-1,-1,-1,-1,-1,-1,False,234,1,1,0,0.000904,0.033254,8.738497,14.924223,5.951439,29.660704,stream,100000,3
operation,31,timer,1724773802,1724774815,1724807898,1724822211,1732576322,1744876203,1746846568,-1,7761628,10008844,12059,5651,0,2249157,1,1,0,0,1,16653,15846964,1896928,64003,17812804,-1,-1,56,22,-1,-1,-1,-1,-1,-1,-1,-1,-1,-1,-1,-1,-1,False,234,1,1,0,0.001013,0.033083,7.754111,12.299881,1.970365,22.072766,stream,100000,3
operation,32,timer,1747107235,1747108057,1747169799,1747186983,1749555105,1757818697,1759461692,-1,2372288,7153359,4060,1893,0,1091027,1,1,0,0,1,9087,9260367,1579970,56491,10900361,-1,-1,56,22,-1,-1,-1,-1,-1,-1,-1,-1,-1,-1,-1,-1,-1,False,234,1,1,0,0.000822,0.061742,2.368122,8.263592,1.642995,12.354457,stream,100000,3
operation,33,timer,1759836452,1759837164,1759867530,1759879821,1762556096,1770844134,1773270281,-1,2680991,6727408,6555,2563,0,1519538,1,1,0,0,1,27258,9609331,2323538,89598,12029683,-1,-1,57,22,-1,-1,-1,-1,-1,-1,-1,-1,-1,-1,-1,-1,-1,False,235,1,1,0,0.000712,0.030366,2.676275,8.288038,2.426147,13.433829,stream,100000,3
operation,34,timer,1773631891,1773633675,1773728352,1773752266,1775817949,1782981951,1785391923,-1,2068174,5742626,14272,3905,0,1388866,1,1,0,0,1,11842,7875330,2348468,53742,10281527,-1,-1,57,22,-1,-1,-1,-1,-1,-1,-1,-1,-1,-1,-1,-1,-1,False,235,1,1,0,0.001784,0.094677,2.065683,7.164002,2.409972,11.760032,stream,100000,3
operation,35,timer,1785745448,1785746157,1785767990,1785780008,1788245417,1798311650,1799723503,-1,2469718,8419754,6538,2558,0,1616219,1,1,0,0,1,16855,11255302,1346468,55261,12661084,-1,-1,24,22,-1,-1,-1,-1,-1,-1,-1,-1,-1,-1,-1,-1,-1,False,195,1,1,0,0.000709,0.021833,2.465409,10.066233,1.411853,13.978055,stream,100000,3
operation,36,timer,1799899491,1799899940,1799944592,1799957645,1803254653,1812292524,1813727267,-1,3300476,7426956,6466,3003,0,1587248,1,1,0,0,1,10730,10590215,1342034,82487,12018554,-1,-1,24,22,-1,-1,-1,-1,-1,-1,-1,-1,-1,-1,-1,-1,-1,False,195,1,1,0,0.000449,0.044652,3.297008,9.037871,1.434743,13.827776,stream,100000,3
operation,37,timer,1814018189,1814018960,1814082007,1814095902,1816334813,1824712281,1825798701,-1,2243229,7307299,4268,1761,0,1052451,1,1,0,0,1,7371,9603676,1045602,35916,10687190,-1,-1,24,22,-1,-1,-1,-1,-1,-1,-1,-1,-1,-1,-1,-1,-1,False,195,1,1,0,0.000771,0.063047,2.238911,8.377468,1.08642,11.780512,stream,100000,3
operation,38,timer,1825938018,1825938461,1825957418,1825964088,1827373331,1836487989,1838768747,-1,1411242,7528833,16901,4711,0,1542590,1,1,0,0,1,19624,9820505,2192920,75739,12095515,-1,-1,24,22,-1,-1,-1,-1,-1,-1,-1,-1,-1,-1,-1,-1,-1,False,195,1,1,0,0.000443,0.018957,1.409243,9.114658,2.280758,12.830729,stream,100000,3
operation,39,timer,1839024074,1839024882,1839059892,1839070679,1841474459,1849291012,1851333816,-1,2407118,6438547,4294,1729,0,1353938,1,1,0,0,1,14707,9109759,1977350,57064,11148103,-1,-1,24,22,-1,-1,-1,-1,-1,-1,-1,-1,-1,-1,-1,-1,-1,False,195,1,1,0,0.000808,0.03501,2.40378,7.816553,2.042804,12.309742,stream,100000,3
operation,40,timer,1851796985,1851797881,1851843107,1851856618,1855066125,1863710601,1865653923,-1,3212555,7119367,5313,2573,0,1501388,1,1,0,0,1,12787,10178891,1818856,107738,12114729,-1,-1,24,22,-1,-1,-1,-1,-1,-1,-1,-1,-1,-1,-1,-1,-1,False,195,1,1,0,0.000896,0.045226,3.209507,8.644476,1.943322,13.856938,stream,100000,3
operation,41,timer,1865904943,1865905811,1865937881,1865948398,1868286322,1878011554,1880295809,-1,2341261,8207101,14191,2827,0,1484603,1,1,0,0,1,13173,10906689,2132292,138873,13185720,-1,-1,24,22,-1,-1,-1,-1,-1,-1,-1,-1,-1,-1,-1,-1,-1,False,195,1,1,0,0.000868,0.03207,2.337924,9.725232,2.284255,14.390866,stream,100000,3
operation,42,timer,1881440667,1881442126,1881517650,1881529498,1884756510,1894585078,1898701523,-1,3230939,8246381,5928,3386,0,1545299,1,1,0,0,1,23647,11803228,3937303,143583,15912933,-1,-1,24,22,-1,-1,-1,-1,-1,-1,-1,-1,-1,-1,-1,-1,-1,False,195,1,1,0,0.001459,0.075524,3.227012,9.828568,4.116445,17.260856,stream,100000,3
operation,43,timer,1898971884,1898972619,1899019590,1899031889,1905667803,1918459522,1922817760,-1,6641185,10863392,7187,3771,0,1897586,1,1,0,0,1,14512,15164182,4270649,78107,19518575,-1,-1,25,22,-1,-1,-1,-1,-1,-1,-1,-1,-1,-1,-1,-1,-1,False,196,1,1,0,0.000735,0.046971,6.635914,12.791719,4.358238,23.845876,stream,100000,3
operation,44,timer,1922978269,1922978810,1923003252,1923011241,1929091533,1940738628,1945242164,-1,6085359,9202344,7959,3605,0,2412167,1,1,0,0,1,15953,14605163,4395134,96085,19104020,-1,-1,25,22,-1,-1,-1,-1,-1,-1,-1,-1,-1,-1,-1,-1,-1,False,196,1,1,0,0.000541,0.024442,6.080292,11.647095,4.503536,22.263895,stream,100000,3
operation,45,timer,1945607295,1945608341,1945651931,1945665268,1953270069,1966020117,1970386025,-1,7612494,10654932,11157,5460,0,2036378,1,1,0,0,1,34428,15626548,4271454,83440,19988510,-1,-1,24,22,-1,-1,-1,-1,-1,-1,-1,-1,-1,-1,-1,-1,-1,False,195,1,1,0,0.001046,0.04359,7.604801,12.750048,4.365908,24.77873,stream,100000,3
operation,46,timer,1970670511,1970671427,1970707000,1970723823,1978314854,1991422734,1995637321,-1,7595897,10753068,8118,3729,0,2319151,1,1,0,0,1,18948,15963852,4110100,92952,20173900,-1,-1,24,22,-1,-1,-1,-1,-1,-1,-1,-1,-1,-1,-1,-1,-1,False,195,1,1,0,0.000916,0.035573,7.591031,13.10788,4.214587,24.96681,stream,100000,3
operation,47,timer,1995899276,1995900012,1995931431,1995943471,2000898617,2014037387,2017609948,-1,4958233,10933624,9043,3824,0,2171881,1,1,0,0,1,17311,15182661,3476355,85996,18750860,-1,-1,24,22,-1,-1,-1,-1,-1,-1,-1,-1,-1,-1,-1,-1,-1,False,195,1,1,0,0.000736,0.031419,4.955146,13.13877,3.572561,21.710672,stream,100000,3
operation,48,timer,2017833303,2017834036,2017871105,2017886731,2026360429,2042879463,2048087191,-1,8487972,12710038,13904,3979,0,3690305,1,1,0,0,1,86534,19744954,4975543,197034,24936746,-1,-1,24,22,-1,-1,-1,-1,-1,-1,-1,-1,-1,-1,-1,-1,-1,False,195,1,1,0,0.000733,0.037069,8.473698,16.519034,5.207728,30.253888,stream,100000,3
operation,49,timer,2048532820,2048534360,2048611509,2048626325,2056558489,2067450973,2071670860,-1,7940906,8938005,9203,3189,0,1911834,1,1,0,0,1,21511,13385238,4099668,103085,17598290,-1,-1,24,22,-1,-1,-1,-1,-1,-1,-1,-1,-1,-1,-1,-1,-1,False,195,1,1,0,0.00154,0.077149,7.932164,10.892484,4.219887,23.13804,stream,100000,3
operation,50,timer,2072082067,2072083103,2072134937,2072156664,2079514658,2093453908,2097937849,-1,7363934,11645373,6871,3323,0,2253608,1,1,0,0,1,24135,16714045,4362467,107137,21192375,-1,-1,24,22,-1,-1,-1,-1,-1,-1,-1,-1,-1,-1,-1,-1,-1,False,195,1,1,0,0.001036,0.051834,7.357994,13.93925,4.483941,25.855782,stream,100000,3
operation,51,timer,2098286493,2098287366,2098323525,2098337164,2107232732,2121133626,2127667395,-1,8905491,11630434,7623,19616,0,2214891,1,1,0,0,1,18407,17179897,6405066,108273,23700445,-1,-1,24,22,-1,-1,-1,-1,-1,-1,-1,-1,-1,-1,-1,-1,-1,False,195,1,1,0,0.000873,0.036159,8.895568,13.900894,6.533769,29.380902,stream,100000,3
operation,52,timer,2128010159,2128011116,2128059265,2128077334,2132100555,2144566329,2146877129,-1,4028266,10593186,8534,3823,0,1839640,1,1,0,0,1,15546,13809306,2203839,86745,16106665,-1,-1,24,22,-1,-1,-1,-1,-1,-1,-1,-1,-1,-1,-1,-1,-1,False,195,1,1,0,0.000957,0.048149,4.023221,12.465774,2.3108,18.86697,stream,100000,3
operation,53,timer,2147335767,2147336817,2147379605,2147397903,2150855382,2162602688,2164880585,-1,3462427,9873579,9549,3877,0,1838746,1,1,0,0,1,16607,13376504,2176307,88196,15648696,-1,-1,25,22,-1,-1,-1,-1,-1,-1,-1,-1,-1,-1,-1,-1,-1,False,196,1,1,0,0.00105,0.042788,3.457479,11.747306,2.277897,17.544818,stream,100000,3
operation,54,timer,2165166734,2165167659,2165221140,2165236140,2167789122,2176278663,2177819101,-1,2555803,7044137,6113,11259,0,1415199,1,1,0,0,1,10012,9833317,1370617,146300,11361387,-1,-1,25,22,-1,-1,-1,-1,-1,-1,-1,-1,-1,-1,-1,-1,-1,False,196,1,1,0,0.000925,0.053481,2.552982,8.489541,1.540438,12.652367,stream,100000,3
operation,55,timer,2178231839,2178232947,2178314563,2178339715,2180895434,2190925964,2193087543,-1,2562591,8253503,5305,2528,0,1728325,1,1,0,0,1,33997,11500415,2084573,64040,13655438,-1,-1,24,22,-1,-1,-1,-1,-1,-1,-1,-1,-1,-1,-1,-1,-1,False,195,1,1,0,0.001108,0.081616,2.555719,10.03053,2.161579,14.855704,stream,100000,3
operation,56,timer,2193320999,2193322104,2193349948,2193360612,2196407830,2205778600,2207807491,-1,3051988,7812578,5583,2554,0,1533850,1,1,0,0,1,11435,10983546,1914458,95409,13001491,-1,-1,24,22,-1,-1,-1,-1,-1,-1,-1,-1,-1,-1,-1,-1,-1,False,195,1,1,0,0.001105,0.027844,3.047218,9.37077,2.028891,14.486492,stream,100000,3
operation,57,timer,2208079022,2208079963,2208111491,2208123236,2210466302,2221144752,2223595427,-1,2346811,8913846,29233,3369,0,1708010,1,1,0,0,1,20247,12082214,2359230,80562,14527212,-1,-1,24,22,-1,-1,-1,-1,-1,-1,-1,-1,-1,-1,-1,-1,-1,False,195,1,1,0,0.000941,0.031528,2.343066,10.67845,2.450675,15.516405,stream,100000,3
operation,58,timer,2223963878,2223964837,2223987501,2223995428,2225805101,2235169651,2237170975,-1,1812188,7680679,6966,2916,0,1660598,1,1,0,0,1,10876,10608369,1941443,52922,12605982,-1,-1,24,22,-1,-1,-1,-1,-1,-1,-1,-1,-1,-1,-1,-1,-1,False,195,1,1,0,0.000959,0.022664,1.809673,9.36455,2.001324,13.207097,stream,100000,3
operation,59,timer,2237399877,2237400729,2237425185,2237435809,2239814218,2250477141,2252638891,-1,2381452,8586156,6824,2957,0,2044389,1,1,0,0,1,19554,11936973,2068423,79992,14092002,-1,-1,24,22,-1,-1,-1,-1,-1,-1,-1,-1,-1,-1,-1,-1,-1,False,195,1,1,0,0.000852,0.024456,2.378409,10.662923,2.16175,15.239014,stream,100000,3
operation,60,timer,2252913354,2252914151,2252955419,2252967134,2255648111,2264615105,2267289926,-1,2683968,7206503,14182,3627,0,1707998,1,1,0,0,1,31693,10568685,2595925,66334,13237415,-1,-1,24,22,-1,-1,-1,-1,-1,-1,-1,-1,-1,-1,-1,-1,-1,False,195,1,1,0,0.000797,0.041268,2.680977,8.966994,2.674821,14.376572,stream,100000,3
operation,61,timer,2267578769,2267579987,2267614642,2267632558,2270409225,2280632028,2282892449,-1,2781456,8572149,6868,2748,0,1623503,1,1,0,0,1,12746,11568841,2167172,83233,13825689,-1,-1,24,22,-1,-1,-1,-1,-1,-1,-1,-1,-1,-1,-1,-1,-1,False,195,1,1,0,0.001218,0.034655,2.776667,10.222803,2.260421,15.31368,stream,100000,3
operation,62,timer,2283163470,2283164283,2283187206,2283204451,2287055398,2311893762,2315657675,-1,3857661,10172250,12105,25248,12744507,1856317,1,1,2,1,1,21223,26268451,3639198,109635,30024853,-1,-1,24,22,-1,-1,-1,-1,-1,-1,-1,-1,-1,-1,-1,-1,-1,False,195,1,1,0,0.000813,0.022923,3.850947,24.838364,3.763913,32.494205,stream,100000,3
operation,3,timer,1649222417,1649223960,1670337509,1670381229,1677387707,1714796361,1720721605,-1,7014182,34567048,15620,24910,0,2767405,1,1,0,0,1,25967,40326568,5522162,370832,46240524,-1,-1,1048,66,-1,-1,-1,-1,-1,-1,-1,-1,-1,-1,-1,-1,-1,False,2386,1,1,0,0.001543,21.113549,7.006478,37.408654,5.925244,71.499188,stream,100000,4
operation,4,timer,1721145257,1721146458,1752529038,1752569825,1759946821,1796282751,1801393840,-1,7382758,33481455,16102,5990,0,2806995,1,1,0,0,1,19626,39426164,4420309,668802,44529029,-1,-1,954,52,-1,-1,-1,-1,-1,-1,-1,-1,-1,-1,-1,-1,-1,False,2179,1,1,0,0.001201,31.38258,7.376996,36.33593,5.111089,80.248583,stream,100000,4
operation,5,timer,1801740563,1801741840,1801810048,1801832155,1810196414,1838306328,1850371327,-1,8370628,25546886,6482,5160,0,2520477,1,1,0,0,1,24540,31389798,11865915,182127,43448664,-1,-1,860,50,-1,-1,-1,-1,-1,-1,-1,-1,-1,-1,-1,-1,-1,False,1886,1,1,0,0.001277,0.068208,8.364259,28.109914,12.064999,48.630764,stream,100000,4
operation,6,timer,1850701209,1850702160,1850737997,1850752330,1874269336,1903903308,1906050904,-1,23525658,27876890,5850,2915,0,1725792,1,1,0,0,1,13873,43879261,2043709,93792,46022493,-1,-1,766,49,-1,-1,-1,-1,-1,-1,-1,-1,-1,-1,-1,-1,-1,False,1780,1,1,0,0.000951,0.035837,23.517006,29.633972,2.147596,55.349695,stream,100000,4
operation,7,timer,1906533473,1906534687,1906589733,1906732554,1909587469,1947988359,1951181320,-1,2859366,36571097,14507,6043,0,1787678,1,1,0,0,1,17114,39722672,3021613,152096,42908084,-1,-1,764,49,-1,-1,-1,-1,-1,-1,-1,-1,-1,-1,-1,-1,-1,False,1777,1,1,0,0.001214,0.055046,2.854915,38.40089,3.192961,44.647847,stream,100000,4
operation,8,timer,1951507178,1951508774,1951550684,1951566278,1954793103,1982932876,1987063360,-1,3231069,24201099,6357,2813,0,3908908,1,1,0,0,1,16352,29668967,4033166,87306,33795858,-1,-1,741,44,-1,-1,-1,-1,-1,-1,-1,-1,-1,-1,-1,-1,-1,False,1710,1,1,0,0.001596,0.04191,3.226825,28.139773,4.130484,35.556182,stream,100000,4
operation,9,timer,1987424200,1987424962,1987448815,1987463294,1990095906,2016648336,2019097651,-1,2635924,23684129,6122,4828,0,2826159,1,1,0,0,1,27880,27680136,2316533,119081,30122338,-1,-1,748,49,-1,-1,-1,-1,-1,-1,-1,-1,-1,-1,-1,-1,-1,False,1761,1,1,0,0.000762,0.023853,2.632612,26.55243,2.449315,31.673451,stream,100000,4
operation,10,timer,2019357465,2019358361,2019389534,2019400876,2022918022,2053712429,2056914395,-1,3520715,29035209,8842,3239,0,1728812,1,1,0,0,1,14736,32626773,3096346,93614,35823735,-1,-1,787,40,-1,-1,-1,-1,-1,-1,-1,-1,-1,-1,-1,-1,-1,False,1861,1,1,0,0.000896,0.031173,3.517146,30.794407,3.201966,37.55693,stream,100000,4
operation,11,timer,2057162727,2057163648,2057195112,2057206630,2059875050,2141879691,2154109931,-1,2676445,73884051,25028,7910,0,8036514,1,1,0,0,1,43113,83417661,12089140,125357,95640369,-1,-1,756,39,-1,-1,-1,-1,-1,-1,-1,-1,-1,-1,-1,-1,-1,False,1623,1,1,0,0.000921,0.031464,2.66842,82.004641,12.23024,96.947204,stream,100000,4
operation,12,timer,2154387434,2154388337,2154431592,2154448044,2172302930,2229433253,2242630129,-1,17860537,52313608,8219,3991,0,4780402,1,1,0,0,1,18452,64446511,13044586,139549,77638828,-1,-1,661,39,-1,-1,-1,-1,-1,-1,-1,-1,-1,-1,-1,-1,-1,False,1529,1,1,0,0.000903,0.043255,17.854886,57.130323,13.196876,88.242695,stream,100000,4
operation,13,timer,2242884006,2242884912,2242916938,2242930705,2268413364,2292154828,2298123370,-1,25492973,21211453,17037,5687,0,2455202,1,1,0,0,1,41771,36261970,5568023,379992,42221944,-1,-1,599,39,-1,-1,-1,-1,-1,-1,-1,-1,-1,-1,-1,-1,-1,False,1283,1,1,0,0.000906,0.032026,25.482659,23.741464,5.968542,55.239364,stream,100000,4
operation,14,timer,2298447520,2298448919,2298489501,2298505780,2308442228,2341415885,2347903473,-1,9942253,26238846,14387,4370,0,6691642,1,1,0,0,1,18607,38380307,6355678,118361,44862782,-1,-1,524,44,-1,-1,-1,-1,-1,-1,-1,-1,-1,-1,-1,-1,-1,False,1248,1,1,0,0.001399,0.040582,9.936448,32.973657,6.487588,49.455953,stream,100000,4
operation,15,timer,2348220268,2348221159,2348250669,2348263810,2357456905,2376973444,2383301409,-1,9198301,16011855,9105,3852,0,3430653,1,1,0,0,1,55868,23339213,6133028,165150,29655492,-1,-1,430,42,-1,-1,-1,-1,-1,-1,-1,-1,-1,-1,-1,-1,-1,False,954,1,1,0,0.000891,0.02951,9.193095,19.516539,6.327965,35.081141,stream,100000,4
operation,16,timer,2383715505,2383716630,2383799276,2383819902,2391295086,2410087008,2417820717,-1,7491636,16189555,13492,4280,0,2515253,1,1,0,0,1,52890,21974322,6391897,1313187,29697819,-1,-1,336,41,-1,-1,-1,-1,-1,-1,-1,-1,-1,-1,-1,-1,-1,False,842,1,1,0,0.001125,0.082646,7.475184,18.791922,7.733709,34.105212,stream,100000,4
operation,17,timer,2418239264,2418240095,2418299878,2418316951,2428632361,2446863171,2453412924,-1,10320881,15067009,15098,5258,0,3105169,1,1,0,0,1,32805,22013188,6376122,158857,28557420,-1,-1,334,41,-1,-1,-1,-1,-1,-1,-1,-1,-1,-1,-1,-1,-1,False,840,1,1,0,0.000831,0.059783,10.31541,18.23081,6.549753,35.17366,stream,100000,4
operation,18,timer,2453749277,2453750287,2453785607,2453799396,2463842962,2480014736,2486032278,-1,10048944,13397788,16333,13342,0,2711323,1,1,0,0,1,27610,19852919,5862238,141611,25865459,-1,-1,306,41,-1,-1,-1,-1,-1,-1,-1,-1,-1,-1,-1,-1,-1,False,808,1,1,0,0.00101,0.03532,10.043566,16.171774,6.017542,32.283001,stream,100000,4
operation,19,timer,2486360290,2486361524,2486396697,2486422935,2496303470,2513680783,2519126748,-1,9885609,14840834,9408,3964,0,2501287,1,1,0,0,1,16746,20923092,5304125,130158,26364475,-1,-1,298,40,-1,-1,-1,-1,-1,-1,-1,-1,-1,-1,-1,-1,-1,False,794,1,1,0,0.001234,0.035173,9.880535,17.377313,5.445965,32.766458,stream,100000,4
operation,20,timer,2519422695,2519423564,2519454540,2519466679,2529975724,2546567867,2552529654,-1,10517637,14077994,17927,2935,0,2470092,1,1,0,0,1,14603,20699867,5803124,146410,26657209,-1,-1,273,32,-1,-1,-1,-1,-1,-1,-1,-1,-1,-1,-1,-1,-1,False,711,1,1,0,0.000869,0.030976,10.509045,16.592143,5.961787,33.106959,stream,100000,4
operation,21,timer,2552948631,2552950209,2552985978,2553003824,2562307279,2571439309,2573908373,-1,9310879,7628205,6250,2625,0,1475253,1,1,0,0,1,12273,12472754,2393645,66423,14936975,-1,-1,178,32,-1,-1,-1,-1,-1,-1,-1,-1,-1,-1,-1,-1,-1,False,425,1,1,0,0.001578,0.035769,9.303455,9.13203,2.469064,20.959742,stream,100000,4
operation,22,timer,2574144322,2574145159,2574182413,2574194585,2575716421,2585057464,2587246590,-1,1524209,7692110,5797,2752,0,1624764,1,1,0,0,1,13247,10095812,2106991,72435,12281429,-1,-1,83,32,-1,-1,-1,-1,-1,-1,-1,-1,-1,-1,-1,-1,-1,False,331,1,1,0,0.000837,0.037254,1.521836,9.341043,2.189126,13.102268,stream,100000,4
operation,23,timer,2587475413,2587476338,2587511904,2587524408,2590915595,2599883316,2602582665,-1,3396513,7672834,4928,1789,0,1269817,1,1,0,0,1,13027,10597715,2593147,91866,13291716,-1,-1,73,31,-1,-1,-1,-1,-1,-1,-1,-1,-1,-1,-1,-1,-1,False,315,1,1,0,0.000925,0.035566,3.391187,8.967721,2.699349,15.107252,stream,100000,4
operation,24,timer,2602823370,2602824116,2602858858,2602870180,2604751962,2613629703,2615460639,-1,1884071,7299668,5760,2659,0,1554160,1,1,0,0,1,13205,9603656,1760322,61901,11430733,-1,-1,87,30,-1,-1,-1,-1,-1,-1,-1,-1,-1,-1,-1,-1,-1,False,327,1,1,0,0.000746,0.034742,1.881782,8.877741,1.830936,12.637269,stream,100000,4
operation,25,timer,2615691517,2615692546,2615717811,2615728134,2618206643,2627311984,2629821526,-1,2483771,7578729,5005,2038,0,1490300,1,1,0,0,1,24007,10429835,2295845,180145,12925508,-1,-1,56,22,-1,-1,-1,-1,-1,-1,-1,-1,-1,-1,-1,-1,-1,False,234,1,1,0,0.001029,0.025265,2.478509,9.105341,2.509542,14.130009,stream,100000,4
operation,26,timer,2630080360,2630081245,2630112774,2630125035,2631580888,2640258535,2641869341,-1,1457897,7061244,5697,2444,0,1594595,1,1,0,0,1,11623,9366241,1560466,42892,10973326,-1,-1,56,22,-1,-1,-1,-1,-1,-1,-1,-1,-1,-1,-1,-1,-1,False,234,1,1,0,0.000885,0.031529,1.455853,8.677647,1.610806,11.788981,stream,100000,4
operation,27,timer,2642012312,2642012839,2642034340,2642041665,2643454616,2652322844,2654481946,-1,1415492,7220408,5965,2333,0,1623598,1,1,0,0,1,13383,9571562,2090278,60506,11727153,-1,-1,56,22,-1,-1,-1,-1,-1,-1,-1,-1,-1,-1,-1,-1,-1,False,234,1,1,0,0.000527,0.021501,1.412951,8.868228,2.159102,12.469634,stream,100000,4
operation,28,timer,2654684877,2654685484,2654710340,2654718130,2657274962,2666666082,2669122805,-1,2567677,7856236,5035,2539,0,1502430,1,1,0,0,1,14035,10758213,2350303,90903,13208155,-1,-1,56,22,-1,-1,-1,-1,-1,-1,-1,-1,-1,-1,-1,-1,-1,False,234,1,1,0,0.000607,0.024856,2.556832,9.39112,2.456723,14.437928,stream,100000,4
operation,29,timer,2669546916,2669548051,2669579327,2669591809,2672289656,2681931304,2683929126,-1,2701786,8115551,5650,2717,0,1498057,1,1,0,0,1,15734,10943905,1909288,77795,12936734,-1,-1,56,22,-1,-1,-1,-1,-1,-1,-1,-1,-1,-1,-1,-1,-1,False,234,1,1,0,0.001135,0.031276,2.697847,9.641648,1.997822,14.38221,stream,100000,4
operation,30,timer,2684157453,2684158276,2684187105,2684197686,2686609524,2695978513,2698933612,-1,2417117,7710181,5652,3347,0,1620284,1,1,0,0,1,24246,10379434,2856580,82365,13327104,-1,-1,56,22,-1,-1,-1,-1,-1,-1,-1,-1,-1,-1,-1,-1,-1,False,234,1,1,0,0.000823,0.028829,2.411838,9.368989,2.955099,14.776159,stream,100000,4
operation,31,timer,2699448298,2699449733,2699520148,2699552291,2702247658,2712742638,2714661410,-1,2702254,8273987,57052,3703,0,2123610,1,1,0,0,1,29741,11584682,1848280,58965,13498163,-1,-1,56,22,-1,-1,-1,-1,-1,-1,-1,-1,-1,-1,-1,-1,-1,False,234,1,1,0,0.001435,0.070415,2.695367,10.49498,1.918772,15.213112,stream,100000,4
operation,32,timer,2714905533,2714906347,2714936087,2714946609,2717597166,2731269892,2736205688,-1,2655873,11134359,7289,7645,0,2503063,1,1,0,0,1,15054,15284029,4798519,117298,20214731,-1,-1,56,22,-1,-1,-1,-1,-1,-1,-1,-1,-1,-1,-1,-1,-1,False,234,1,1,0,0.000814,0.02974,2.650557,13.672726,4.935796,21.300155,stream,100000,4
operation,33,timer,2736527389,2736528523,2736578074,2736595790,2744475697,2758427436,2762193154,-1,7886069,11122102,7527,4895,0,2789320,1,1,0,0,1,21733,16676736,3695117,61109,20438466,-1,-1,57,22,-1,-1,-1,-1,-1,-1,-1,-1,-1,-1,-1,-1,-1,False,235,1,1,0,0.001134,0.049551,7.879907,13.951739,3.765718,25.665765,stream,100000,4
operation,34,timer,2762491701,2762492636,2762530474,2762556290,2770780781,2784104236,2789069988,-1,8233979,11097559,14326,4859,0,2168563,1,1,0,0,1,28660,16622310,4841124,110858,21581843,-1,-1,57,22,-1,-1,-1,-1,-1,-1,-1,-1,-1,-1,-1,-1,-1,False,235,1,1,0,0.000935,0.037838,8.224491,13.323455,4.965752,26.578287,stream,100000,4
operation,35,timer,2789534566,2789535357,2789582819,2789599191,2797870562,2810350625,2815393665,-1,8274452,10303948,7283,4140,0,2140664,1,1,0,0,1,20947,15524705,4907041,121313,20561681,-1,-1,24,22,-1,-1,-1,-1,-1,-1,-1,-1,-1,-1,-1,-1,-1,False,195,1,1,0,0.000791,0.047462,8.271371,12.480063,5.04304,25.859099,stream,100000,4
operation,36,timer,2815838770,2815839511,2815872708,2815889849,2825655134,2840067690,2844455432,-1,9768636,11533623,8038,4458,0,2845357,1,1,0,0,1,17729,18362931,4294104,82413,22746043,-1,-1,24,22,-1,-1,-1,-1,-1,-1,-1,-1,-1,-1,-1,-1,-1,False,195,1,1,0,0.000741,0.033197,9.765285,14.412556,4.387742,28.616662,stream,100000,4
operation,37,timer,2844766027,2844766787,2844797815,2844812737,2852944224,2864814212,2869160659,-1,8141159,9817668,6124,3479,0,2019887,1,1,0,0,1,13158,15052449,4235941,100029,19394989,-1,-1,24,22,-1,-1,-1,-1,-1,-1,-1,-1,-1,-1,-1,-1,-1,False,195,1,1,0,0.00076,0.031028,8.131487,11.869988,4.346447,24.394632,stream,100000,4
operation,38,timer,2869479613,2869480571,2869513700,2869526803,2878227507,2891598445,2898994298,-1,8717193,11018909,7340,4526,0,2305573,1,1,0,0,1,18101,16479900,7200376,168509,23865381,-1,-1,24,22,-1,-1,-1,-1,-1,-1,-1,-1,-1,-1,-1,-1,-1,False,195,1,1,0,0.000958,0.033129,8.700704,13.370938,7.395853,29.514685,stream,100000,4
operation,39,timer,2899446222,2899447448,2899533013,2899574874,2906675716,2919677980,2925958673,-1,7103957,10319268,7049,4221,0,2647678,1,1,0,0,1,20933,15010639,6123593,139837,21285064,-1,-1,24,22,-1,-1,-1,-1,-1,-1,-1,-1,-1,-1,-1,-1,-1,False,195,1,1,0,0.001226,0.085565,7.100842,13.002264,6.280693,26.512451,stream,100000,4
operation,40,timer,2926555859,2926557447,2926627931,2926648459,2936960866,2947850507,2951886038,-1,10319893,9169777,4391,2413,0,1695839,1,1,0,0,1,9735,15520607,3943915,81841,19551900,-1,-1,24,22,-1,-1,-1,-1,-1,-1,-1,-1,-1,-1,-1,-1,-1,False,195,1,1,0,0.001588,0.070484,10.312407,10.889641,4.035531,25.330179,stream,100000,4
operation,41,timer,2952182485,2952183454,2952218207,2952235804,2960255689,2969243193,2971175825,-1,8028147,7626405,6903,2654,0,1331173,1,1,0,0,1,12107,10949696,1866864,57260,12878637,-1,-1,24,22,-1,-1,-1,-1,-1,-1,-1,-1,-1,-1,-1,-1,-1,False,195,1,1,0,0.000969,0.034753,8.019885,8.987504,1.932632,18.99334,stream,100000,4
operation,42,timer,2971409526,2971410327,2971448714,2971459587,2974126872,2983239881,2985506351,-1,2670792,7614265,4835,2613,0,1464083,1,1,0,0,1,23706,10630379,2195018,60653,12891097,-1,-1,24,22,-1,-1,-1,-1,-1,-1,-1,-1,-1,-1,-1,-1,-1,False,195,1,1,0,0.000801,0.038387,2.667285,9.113009,2.26647,14.096825,stream,100000,4
operation,43,timer,2985890660,2985891487,2985916892,2985929685,2989122958,2997458559,2999783539,-1,3196520,7203927,4178,1988,0,1112802,1,1,0,0,1,9459,9759977,2180803,125579,12077046,-1,-1,25,22,-1,-1,-1,-1,-1,-1,-1,-1,-1,-1,-1,-1,-1,False,196,1,1,0,0.000827,0.025405,3.193273,8.335601,2.32498,13.892879,stream,100000,4
operation,44,timer,3000217454,3000219349,3000303195,3000329620,3002290521,3010363687,3011645272,-1,1964312,6574315,5861,2695,0,1474858,1,1,0,0,1,12026,9165191,1233438,41115,10443221,-1,-1,25,22,-1,-1,-1,-1,-1,-1,-1,-1,-1,-1,-1,-1,-1,False,196,1,1,0,0.001895,0.083846,1.960901,8.073166,1.281585,11.427818,stream,100000,4
operation,45,timer,3011786104,3011786582,3011811851,3011818762,3013377447,3021432369,3023736012,-1,1561522,6558035,4325,2608,0,1471640,1,1,0,0,1,15477,8956850,2243293,51681,11256314,-1,-1,24,22,-1,-1,-1,-1,-1,-1,-1,-1,-1,-1,-1,-1,-1,False,195,1,1,0,0.000478,0.025269,1.558685,8.054922,2.303643,11.949908,stream,100000,4
operation,46,timer,3023985617,3023986499,3024015105,3024029189,3026723688,3036708909,3038909221,-1,2697515,8533781,8174,2778,0,1424038,1,1,0,0,1,13434,11306112,2134450,55485,13501620,-1,-1,24,22,-1,-1,-1,-1,-1,-1,-1,-1,-1,-1,-1,-1,-1,False,195,1,1,0,0.000882,0.028606,2.694499,9.985221,2.200312,14.923604,stream,100000,4
operation,47,timer,3039313620,3039315334,3039372844,3039388960,3041936437,3050795686,3053141363,-1,2554119,7250007,4009,1663,0,1575708,1,1,0,0,1,21220,9925720,2263203,69716,12264884,-1,-1,24,22,-1,-1,-1,-1,-1,-1,-1,-1,-1,-1,-1,-1,-1,False,195,1,1,0,0.001714,0.05751,2.547477,8.859249,2.345677,13.827743,stream,100000,4
operation,48,timer,3053494782,3053495491,3053524789,3053536980,3056375881,3065682458,3068138309,-1,2843738,7870071,3777,1838,0,1409182,1,1,0,0,1,16872,10483417,2352537,87740,12931088,-1,-1,24,22,-1,-1,-1,-1,-1,-1,-1,-1,-1,-1,-1,-1,-1,False,195,1,1,0,0.000709,0.029298,2.838901,9.306577,2.455851,14.643527,stream,100000,4
operation,49,timer,3068393645,3068394626,3068438274,3068451577,3070982656,3080214997,3082228050,-1,2534472,7669470,5600,2749,0,1538187,1,1,0,0,1,12942,10456938,1932327,72135,12466138,-1,-1,24,22,-1,-1,-1,-1,-1,-1,-1,-1,-1,-1,-1,-1,-1,False,195,1,1,0,0.000981,0.043648,2.531079,9.232341,2.013053,13.834405,stream,100000,4
operation,50,timer,3082448554,3082449228,3082477434,3082496283,3084810382,3092711706,3095347777,-1,2319255,6658321,6634,2187,0,1217793,1,1,0,0,1,11233,9065537,2527860,91337,11693961,-1,-1,24,22,-1,-1,-1,-1,-1,-1,-1,-1,-1,-1,-1,-1,-1,False,195,1,1,0,0.000674,0.028206,2.314099,7.901324,2.636071,12.899223,stream,100000,4
operation,51,timer,3095697048,3095698044,3095788742,3095805021,3097402891,3106548899,3107969111,-1,1600346,7494251,5138,8582,0,1616612,1,1,0,0,1,18949,9824332,1371265,41488,11240529,-1,-1,24,22,-1,-1,-1,-1,-1,-1,-1,-1,-1,-1,-1,-1,-1,False,195,1,1,0,0.000996,0.090698,1.59787,9.146008,1.420212,12.272063,stream,100000,4
operation,52,timer,3108178907,3108179803,3108206434,3108217412,3109755044,3120681038,3124472410,-1,1539772,8893310,7570,3920,0,2005663,1,1,0,0,1,13391,11610792,3611553,155448,15395350,-1,-1,24,22,-1,-1,-1,-1,-1,-1,-1,-1,-1,-1,-1,-1,-1,False,195,1,1,0,0.000896,0.026631,1.537632,10.925994,3.791372,16.293503,stream,100000,4
operation,53,timer,3124735975,3124736919,3124770562,3124784893,3132779193,3144623985,3146969980,-1,8002987,10260754,5059,2535,0,1557888,1,1,0,0,1,9869,14736350,2276357,59635,17078400,-1,-1,25,22,-1,-1,-1,-1,-1,-1,-1,-1,-1,-1,-1,-1,-1,False,196,1,1,0,0.000944,0.033643,7.9943,11.844792,2.345995,22.234005,stream,100000,4
operation,54,timer,3147201114,3147201958,3147236873,3147250351,3153378526,3164111095,3168471425,-1,6131483,9070707,6812,9519,0,1631014,1,1,0,0,1,11209,13348957,4246684,103350,17704943,-1,-1,25,22,-1,-1,-1,-1,-1,-1,-1,-1,-1,-1,-1,-1,-1,False,196,1,1,0,0.000844,0.034915,6.128175,10.732569,4.36033,21.270311,stream,100000,4
operation,55,timer,3168704924,3168705819,3168735937,3168748912,3175743125,3185534633,3190429358,-1,6997730,7948417,4654,2274,0,1822129,1,1,0,0,1,10517,12327044,4742533,138679,17217491,-1,-1,24,22,-1,-1,-1,-1,-1,-1,-1,-1,-1,-1,-1,-1,-1,False,195,1,1,0,0.000895,0.030118,6.994213,9.791508,4.894725,21.724434,stream,100000,4
operation,56,timer,3191201285,3191203265,3191274675,3191291998,3196284989,3215703852,3221063864,-1,4997117,14733067,9526,5578,0,4647128,1,1,0,0,1,19438,21042918,5208862,138821,26398267,-1,-1,24,22,-1,-1,-1,-1,-1,-1,-1,-1,-1,-1,-1,-1,-1,False,195,1,1,0,0.00198,0.07141,4.992991,19.418863,5.360012,29.862579,stream,100000,4
operation,57,timer,3221325145,3221326198,3221370413,3221383573,3229331487,3241040459,3246825453,-1,7952923,9524967,28513,6349,0,2128960,1,1,0,0,1,15174,15323146,5670601,102965,21103487,-1,-1,24,22,-1,-1,-1,-1,-1,-1,-1,-1,-1,-1,-1,-1,-1,False,195,1,1,0,0.001053,0.044215,7.947914,11.708972,5.784994,25.500308,stream,100000,4
operation,58,timer,3247070580,3247071453,3247103368,3247117233,3257126801,3271288813,3276495702,-1,10015530,11691525,6459,4696,0,2428818,1,1,0,0,1,24552,18281642,5036543,148594,23480999,-1,-1,24,22,-1,-1,-1,-1,-1,-1,-1,-1,-1,-1,-1,-1,-1,False,195,1,1,0,0.000873,0.031915,10.009568,14.162012,5.206889,29.425122,stream,100000,4
operation,59,timer,3276998165,3276999089,3277051223,3277074572,3285472507,3299047976,3304925252,-1,8403405,11170321,8209,4455,0,2373215,1,1,0,0,1,13799,16050630,5499331,367024,21923959,-1,-1,24,22,-1,-1,-1,-1,-1,-1,-1,-1,-1,-1,-1,-1,-1,False,195,1,1,0,0.000924,0.052134,8.397935,13.575469,5.877276,27.927087,stream,100000,4
operation,60,timer,3305436099,3305437193,3305477690,3305492215,3312658607,3327304454,3331647527,-1,7178562,12098975,20398,3764,0,2492634,1,1,0,0,1,17906,17705188,4223857,108456,22043742,-1,-1,24,22,-1,-1,-1,-1,-1,-1,-1,-1,-1,-1,-1,-1,-1,False,195,1,1,0,0.001094,0.040497,7.166392,14.645847,4.343073,26.211428,stream,100000,4
operation,61,timer,3331909546,3331910510,3331939475,3331952818,3340126072,3353745018,3356705755,-1,8179202,11216414,14008,4130,0,2362495,1,1,0,0,1,15951,16723541,2861457,85601,19677865,-1,-1,24,22,-1,-1,-1,-1,-1,-1,-1,-1,-1,-1,-1,-1,-1,False,195,1,1,0,0.000964,0.028965,8.173254,13.618946,2.960737,24.796209,stream,100000,4
operation,62,timer,3357002538,3357003526,3357030756,3357045550,3357919398,3376515856,3377333299,-1,877190,6716665,3594,7331,10633988,1214919,1,1,2,1,1,16619,19075621,769668,43259,19889731,-1,-1,24,22,-1,-1,-1,-1,-1,-1,-1,-1,-1,-1,-1,-1,-1,False,195,1,1,0,0.000988,0.02723,0.873848,18.596458,0.817443,20.330761,stream,100000,4
operation,3,timer,927298570,927299231,954968855,954997035,960937404,985023007,989641817,-1,5945450,22058051,5995,3847,0,1996645,1,1,0,0,1,15984,25901172,4475609,129015,30514022,-1,-1,1048,66,-1,-1,-1,-1,-1,-1,-1,-1,-1,-1,-1,-1,-1,False,2386,1,1,0,0.000661,27.669624,5.940369,24.085603,4.61881,62.343247,stream,100000,5
operation,4,timer,989877499,989878564,1010454865,1010486246,1017577900,1046481969,1049191074,-1,7099113,27093299,4382,2375,0,1785635,1,1,0,0,1,10919,31637661,2604146,95717,34343096,-1,-1,954,52,-1,-1,-1,-1,-1,-1,-1,-1,-1,-1,-1,-1,-1,False,2179,1,1,0,0.001065,20.576301,7.091654,28.904069,2.709105,59.313575,stream,100000,5
operation,5,timer,1049388949,1049389446,1049414233,1049424502,1056307978,1078863102,1082656721,-1,6890861,20387878,7815,6627,0,2120569,1,1,0,0,1,24850,26115728,3686080,95850,29903777,-1,-1,860,50,-1,-1,-1,-1,-1,-1,-1,-1,-1,-1,-1,-1,-1,False,1886,1,1,0,0.000497,0.024787,6.883476,22.555124,3.793619,33.267772,stream,100000,5
operation,6,timer,1082834761,1082835281,1082855976,1082865771,1092114549,1115440416,1116574100,-1,9257026,22179467,5624,3098,0,1118748,1,1,0,0,1,10682,27081706,1073750,54100,28212189,-1,-1,766,49,-1,-1,-1,-1,-1,-1,-1,-1,-1,-1,-1,-1,-1,False,1780,1,1,0,0.00052,0.020695,9.248778,23.325867,1.133684,33.739339,stream,100000,5
operation,7,timer,1116719960,1116720452,1116741973,1116748572,1118915970,1142881616,1145231548,-1,2174992,22281093,5698,2639,0,1650876,1,1,0,0,1,17746,25165779,2089946,233515,27504284,-1,-1,764,49,-1,-1,-1,-1,-1,-1,-1,-1,-1,-1,-1,-1,-1,False,1777,1,1,0,0.000492,0.021521,2.167398,23.965646,2.349932,28.511588,stream,100000,5
operation,8,timer,1145623668,1145624714,1145656352,1145667113,1148151404,1172907882,1175002174,-1,2487804,23117079,5699,2754,0,1615864,1,1,0,0,1,11569,25987226,2018948,68846,28078229,-1,-1,741,44,-1,-1,-1,-1,-1,-1,-1,-1,-1,-1,-1,-1,-1,False,1710,1,1,0,0.001046,0.031638,2.484291,24.756478,2.094292,29.378506,stream,100000,5
operation,9,timer,1175214197,1175214979,1175238427,1175257795,1177785302,1202196208,1204179610,-1,2535804,22835260,5459,2686,0,1541211,1,1,0,0,1,17993,25700075,1891335,82303,27679531,-1,-1,748,49,-1,-1,-1,-1,-1,-1,-1,-1,-1,-1,-1,-1,-1,False,1761,1,1,0,0.000782,0.023448,2.527507,24.410906,1.983402,28.965413,stream,100000,5
operation,10,timer,1204408299,1204409099,1204434191,1204445291,1206685692,1230050825,1231999938,-1,2244014,21825463,5320,2931,0,1514928,1,1,0,0,1,12878,24495371,1848972,87646,26439745,-1,-1,787,40,-1,-1,-1,-1,-1,-1,-1,-1,-1,-1,-1,-1,-1,False,1861,1,1,0,0.0008,0.025092,2.240401,23.365133,1.949113,27.591639,stream,100000,5
operation,11,timer,1232228196,1232228993,1232276539,1232288944,1234715564,1253405901,1255779833,-1,2430944,17139833,6895,3602,0,1520185,1,1,0,0,1,15498,20045077,2275096,90352,22415530,-1,-1,756,39,-1,-1,-1,-1,-1,-1,-1,-1,-1,-1,-1,-1,-1,False,1623,1,1,0,0.000797,0.047546,2.42662,18.690337,2.373932,23.551637,stream,100000,5
operation,12,timer,1256129466,1256130101,1256151580,1256162626,1258091131,1272581452,1274036477,-1,1931064,13273747,4508,1672,0,1200479,1,1,0,0,1,7356,15111285,1404474,45323,16563678,-1,-1,661,39,-1,-1,-1,-1,-1,-1,-1,-1,-1,-1,-1,-1,-1,False,1529,1,1,0,0.000635,0.021479,1.928505,14.490321,1.455025,17.907011,stream,100000,5
operation,13,timer,1274169179,1274169583,1274188925,1274195619,1275598302,1288181734,1289291806,-1,1404565,11188675,10420,4438,0,1365712,1,1,0,0,1,12305,13383673,1043599,59459,14489732,-1,-1,599,39,-1,-1,-1,-1,-1,-1,-1,-1,-1,-1,-1,-1,-1,False,1283,1,1,0,0.000404,0.019342,1.402683,12.583432,1.110072,15.122627,stream,100000,5
operation,14,timer,1289424146,1289424525,1289446743,1289453871,1290675644,1302275817,1304257018,-1,1224811,10299329,4387,2549,0,1277365,1,1,0,0,1,13505,12248777,1884294,79718,14225318,-1,-1,524,44,-1,-1,-1,-1,-1,-1,-1,-1,-1,-1,-1,-1,-1,False,1248,1,1,0,0.000379,0.022218,1.221773,11.600173,1.981201,14.832872,stream,100000,5
operation,15,timer,1304592824,1304593441,1304615425,1304627199,1313693567,1327177623,1331709190,-1,9072694,11626909,9121,4401,0,1823722,1,1,0,0,1,13577,17667452,4224938,227596,22192143,-1,-1,430,42,-1,-1,-1,-1,-1,-1,-1,-1,-1,-1,-1,-1,-1,False,954,1,1,0,0.000617,0.021984,9.066368,13.484056,4.531567,27.116366,stream,100000,5
operation,16,timer,1332022142,1332022927,1332057571,1332075348,1340526491,1354354005,1356601762,-1,8456175,11675881,11857,5809,0,2079256,1,1,0,0,1,49679,17201040,2162412,75996,19444954,-1,-1,336,41,-1,-1,-1,-1,-1,-1,-1,-1,-1,-1,-1,-1,-1,False,842,1,1,0,0.000785,0.034644,8.451143,13.827514,2.247757,24.57962,stream,100000,5
operation,17,timer,1356769357,1356769853,1356791731,1356799453,1360444260,1373185009,1375511141,-1,3648772,11410546,5058,2182,0,1306907,1,1,0,0,1,12091,14348063,2244259,71759,16670150,-1,-1,334,41,-1,-1,-1,-1,-1,-1,-1,-1,-1,-1,-1,-1,-1,False,840,1,1,0,0.000496,0.021878,3.644807,12.740749,2.326132,18.741784,stream,100000,5
operation,18,timer,1375714598,1375715374,1375773521,1375785087,1379938717,1391152589,1393523680,-1,4156832,9855705,8223,3573,0,1331737,1,1,0,0,1,11432,13290808,2267724,92375,15658044,-1,-1,306,41,-1,-1,-1,-1,-1,-1,-1,-1,-1,-1,-1,-1,-1,False,808,1,1,0,0.000776,0.058147,4.15363,11.213872,2.371091,17.809082,stream,100000,5
operation,19,timer,1393703901,1393704404,1393734375,1393742090,1400987338,1414538067,1419074890,-1,7250879,11645592,10386,3782,0,1869515,1,1,0,0,1,15823,17651488,4403407,123227,22184631,-1,-1,298,40,-1,-1,-1,-1,-1,-1,-1,-1,-1,-1,-1,-1,-1,False,794,1,1,0,0.000503,0.029971,7.245248,13.550729,4.536823,25.370989,stream,100000,5
operation,20,timer,1419369780,1419370674,1419399258,1419412739,1424688005,1440025553,1443075199,-1,5284208,13152429,9545,4669,0,2148588,1,1,0,0,1,13375,17733204,2964925,76588,20779505,-1,-1,273,32,-1,-1,-1,-1,-1,-1,-1,-1,-1,-1,-1,-1,-1,False,711,1,1,0,0.000894,0.028584,5.275266,15.337548,3.049646,23.705419,stream,100000,5
operation,21,timer,1443271821,1443272347,1443295879,1443304505,1447723928,1457180459,1460158221,-1,4422619,7824092,7863,2306,0,1606929,1,1,0,0,1,12145,11168780,2887556,80172,14142404,-1,-1,178,32,-1,-1,-1,-1,-1,-1,-1,-1,-1,-1,-1,-1,-1,False,425,1,1,0,0.000526,0.023532,4.419423,9.456531,2.977762,16.8864,stream,100000,5
operation,22,timer,1460357751,1460358279,1460382949,1460390963,1467846397,1476650224,1480022706,-1,7462450,7064958,4908,2301,0,1713223,1,1,0,0,1,11421,11859565,3236157,117611,15225139,-1,-1,83,32,-1,-1,-1,-1,-1,-1,-1,-1,-1,-1,-1,-1,-1,False,331,1,1,0,0.000528,0.02467,7.455434,8.803827,3.372482,19.664955,stream,100000,5
operation,23,timer,1480319987,1480320509,1480361594,1480374362,1486456565,1496589907,1501399289,-1,6090372,8034970,7571,2321,0,2066677,1,1,0,0,1,13634,13117885,4694343,103532,17922862,-1,-1,73,31,-1,-1,-1,-1,-1,-1,-1,-1,-1,-1,-1,-1,-1,False,315,1,1,0,0.000522,0.041085,6.082203,10.133342,4.809382,21.079302,stream,100000,5
operation,24,timer,1501683386,1501684405,1501716570,1501732316,1508602526,1519941369,1524091343,-1,6876873,9039266,8346,4146,0,2268058,1,1,0,0,1,12364,14301217,4002105,131955,18445478,-1,-1,87,30,-1,-1,-1,-1,-1,-1,-1,-1,-1,-1,-1,-1,-1,False,327,1,1,0,0.001019,0.032165,6.87021,11.338843,4.149974,22.407957,stream,100000,5
operation,25,timer,1524655681,1524656495,1524688408,1524700651,1533887738,1542316926,1543673208,-1,9197490,7310979,5876,2765,0,1088397,1,1,0,0,1,10768,11626266,1309553,41176,12979785,-1,-1,56,22,-1,-1,-1,-1,-1,-1,-1,-1,-1,-1,-1,-1,-1,False,234,1,1,0,0.000814,0.031913,9.187087,8.429188,1.356282,19.017527,stream,100000,5
operation,26,timer,1543866333,1543867212,1543894284,1543910051,1545466345,1553483271,1555261378,-1,1558180,6485099,4754,2505,0,1504002,1,1,0,0,1,18680,8749018,1706694,63193,10523033,-1,-1,56,22,-1,-1,-1,-1,-1,-1,-1,-1,-1,-1,-1,-1,-1,False,234,1,1,0,0.000879,0.027072,1.556294,8.016926,1.778107,11.395045,stream,100000,5
operation,27,timer,1555452274,1555453032,1555482944,1555494275,1557563713,1565329984,1567514248,-1,2072374,6188664,4813,2500,0,1546787,1,1,0,0,1,20571,9230651,2065694,99080,11406552,-1,-1,56,22,-1,-1,-1,-1,-1,-1,-1,-1,-1,-1,-1,-1,-1,False,234,1,1,0,0.000758,0.029912,2.069438,7.766271,2.184264,12.061974,stream,100000,5
operation,28,timer,1567794922,1567796155,1567851065,1567866051,1571095149,1578748782,1580165522,-1,3232144,6353953,5199,2662,0,1276386,1,1,0,0,1,12387,9202579,1268594,124611,10608480,-1,-1,56,22,-1,-1,-1,-1,-1,-1,-1,-1,-1,-1,-1,-1,-1,False,234,1,1,0,0.001233,0.05491,3.229098,7.653633,1.41674,12.3706,stream,100000,5
operation,29,timer,1580576257,1580578051,1580697485,1580726144,1583095568,1591326342,1593671565,-1,2372937,6915753,6221,3315,0,1291119,1,1,0,0,1,10853,9295894,2280789,56515,11637894,-1,-1,56,22,-1,-1,-1,-1,-1,-1,-1,-1,-1,-1,-1,-1,-1,False,234,1,1,0,0.001794,0.119434,2.369424,8.230774,2.345223,13.095308,stream,100000,5
operation,30,timer,1594008864,1594009514,1594031777,1594042946,1597630221,1605964642,1607138398,-1,3590754,7083553,4923,2579,0,1231348,1,1,0,0,1,8539,9885779,1131179,37630,11056634,-1,-1,56,22,-1,-1,-1,-1,-1,-1,-1,-1,-1,-1,-1,-1,-1,False,234,1,1,0,0.00065,0.022263,3.587275,8.334421,1.173756,13.129534,stream,100000,5
operation,31,timer,1607323874,1607324459,1607348188,1607359984,1609084014,1616713986,1618589767,-1,1725945,6198592,5346,2612,0,1411308,1,1,0,0,1,10199,8543542,1819652,48943,10415886,-1,-1,56,22,-1,-1,-1,-1,-1,-1,-1,-1,-1,-1,-1,-1,-1,False,234,1,1,0,0.000585,0.023729,1.72403,7.629972,1.875781,11.265893,stream,100000,5
operation,32,timer,1618789737,1618790440,1618819034,1618831584,1620083791,1627632271,1629042976,-1,1254055,6540823,4356,1691,0,992329,1,1,0,0,1,7433,8170262,1349434,53459,9577458,-1,-1,56,22,-1,-1,-1,-1,-1,-1,-1,-1,-1,-1,-1,-1,-1,False,234,1,1,0,0.000703,0.028594,1.252207,7.54848,1.410705,10.253239,stream,100000,5
operation,33,timer,1629275411,1629276371,1629316594,1629328905,1631481281,1639342562,1640357251,-1,2158786,6870874,3870,1833,0,971001,1,1,0,0,1,7293,9032653,964351,43282,10043465,-1,-1,57,22,-1,-1,-1,-1,-1,-1,-1,-1,-1,-1,-1,-1,-1,False,235,1,1,0,0.00096,0.040223,2.152376,7.861281,1.014689,11.08184,stream,100000,5
operation,34,timer,1640603503,1640604693,1640640633,1640652344,1642049915,1648695389,1650511063,-1,1400389,5307107,3701,1613,0,1321768,1,1,0,0,1,8467,7343641,1763991,45773,9156346,-1,-1,57,22,-1,-1,-1,-1,-1,-1,-1,-1,-1,-1,-1,-1,-1,False,235,1,1,0,0.00119,0.03594,1.397571,6.645474,1.815674,9.90756,stream,100000,5
operation,35,timer,1650723038,1650723796,1650751902,1650761989,1652568261,1659861986,1660909175,-1,1810611,6028966,5070,2513,0,1241814,1,1,0,0,1,11023,7950424,973016,64466,8991759,-1,-1,24,22,-1,-1,-1,-1,-1,-1,-1,-1,-1,-1,-1,-1,-1,False,195,1,1,0,0.000758,0.028106,1.806272,7.293725,1.047189,10.186137,stream,100000,5
operation,36,timer,1661129077,1661130191,1661199801,1661216623,1664226405,1671402494,1672534993,-1,3012777,6153710,4500,1636,0,1005755,1,1,0,0,1,7493,8390857,1092941,34986,9520705,-1,-1,24,22,-1,-1,-1,-1,-1,-1,-1,-1,-1,-1,-1,-1,-1,False,195,1,1,0,0.001114,0.06961,3.009782,7.176089,1.132499,11.405916,stream,100000,5
operation,37,timer,1672730220,1672731111,1672756874,1672767877,1674574751,1682368663,1684704402,-1,1809513,6365633,4543,2755,0,1407525,1,1,0,0,1,10817,8693492,2270187,56828,11025633,-1,-1,24,22,-1,-1,-1,-1,-1,-1,-1,-1,-1,-1,-1,-1,-1,False,195,1,1,0,0.000891,0.025763,1.806874,7.793912,2.335739,11.974182,stream,100000,5
operation,38,timer,1685063659,1685064319,1685099333,1685110839,1690729057,1703869602,1708170817,-1,5623883,10692817,6601,4242,0,2410200,1,1,0,0,1,21020,15899699,4208910,72246,20195968,-1,-1,24,22,-1,-1,-1,-1,-1,-1,-1,-1,-1,-1,-1,-1,-1,False,195,1,1,0,0.00066,0.035014,5.618218,13.140545,4.301215,23.107158,stream,100000,5
operation,39,timer,1708427312,1708427994,1708454509,1708468077,1712502870,1724790993,1729340508,-1,4038040,10170310,7939,4360,0,2084813,1,1,0,0,1,17454,13858315,4363062,165914,18399690,-1,-1,24,22,-1,-1,-1,-1,-1,-1,-1,-1,-1,-1,-1,-1,-1,False,195,1,1,0,0.000682,0.026515,4.034793,12.288123,4.549515,20.913196,stream,100000,5
operation,40,timer,1729723080,1729724092,1729766442,1729783951,1737494367,1750808184,1755888368,-1,7715766,10865708,8569,5253,0,2407390,1,1,0,0,1,21547,16473128,4986691,80439,21547913,-1,-1,24,22,-1,-1,-1,-1,-1,-1,-1,-1,-1,-1,-1,-1,-1,False,195,1,1,0,0.001012,0.04235,7.710416,13.313817,5.080184,26.165288,stream,100000,5
operation,41,timer,1756074208,1756074912,1756105451,1756115796,1761288218,1772973769,1775601619,-1,5175708,10225146,5300,4077,0,1433952,1,1,0,0,1,13790,14193305,2561288,57914,16817921,-1,-1,24,22,-1,-1,-1,-1,-1,-1,-1,-1,-1,-1,-1,-1,-1,False,195,1,1,0,0.000704,0.030539,5.172422,11.685551,2.62785,19.527411,stream,100000,5
operation,42,timer,1775835327,1775835813,1775860422,1775868850,1782011752,1794525217,1799749565,-1,6150564,10141694,6426,4124,0,2339516,1,1,0,0,1,14043,15353265,5092495,119694,20573913,-1,-1,24,22,-1,-1,-1,-1,-1,-1,-1,-1,-1,-1,-1,-1,-1,False,195,1,1,0,0.000486,0.024609,6.142902,12.513465,5.224348,23.914238,stream,100000,5
operation,43,timer,1800195739,1800196832,1800236728,1800269032,1808429252,1820298450,1824698991,-1,8163858,9735175,7111,4427,0,2105844,1,1,0,0,1,13003,14158285,4238116,139676,18551895,-1,-1,25,22,-1,-1,-1,-1,-1,-1,-1,-1,-1,-1,-1,-1,-1,False,196,1,1,0,0.001093,0.039896,8.16022,11.869198,4.400541,24.503252,stream,100000,5
operation,44,timer,1825150332,1825151498,1825205230,1825224471,1833719324,1847216750,1851604897,-1,8507676,10948599,6948,4289,0,2495240,1,1,0,0,1,29527,16446979,4302621,71047,20828578,-1,-1,25,22,-1,-1,-1,-1,-1,-1,-1,-1,-1,-1,-1,-1,-1,False,196,1,1,0,0.001166,0.053732,8.494853,13.497426,4.388147,26.454565,stream,100000,5
operation,45,timer,1852021111,1852021819,1852055081,1852070041,1857720974,1869476184,1872992262,-1,5658856,9836937,6747,4099,0,1881659,1,1,0,0,1,17845,13689582,3444190,60885,17200524,-1,-1,24,22,-1,-1,-1,-1,-1,-1,-1,-1,-1,-1,-1,-1,-1,False,195,1,1,0,0.000708,0.033262,5.650933,11.75521,3.516078,20.971151,stream,100000,5
operation,46,timer,1873175825,1873176299,1873201356,1873210908,1877665470,1889879792,1892349943,-1,4459497,10182539,6527,4101,0,2006074,1,1,0,0,1,10146,14150297,2408587,55114,16617516,-1,-1,24,22,-1,-1,-1,-1,-1,-1,-1,-1,-1,-1,-1,-1,-1,False,195,1,1,0,0.000474,0.025057,4.454562,12.214322,2.470151,19.174118,stream,100000,5
operation,47,timer,1892528798,1892529311,1892567017,1892575991,1894170840,1903272502,1905234122,-1,1597306,7339281,5460,3019,0,1708059,1,1,0,0,1,43386,9809051,1884545,65432,11764496,-1,-1,24,22,-1,-1,-1,-1,-1,-1,-1,-1,-1,-1,-1,-1,-1,False,195,1,1,0,0.000513,0.037706,1.594849,9.101662,1.96162,12.705324,stream,100000,5
operation,48,timer,1905448727,1905449423,1905475578,1905485893,1907894194,1915872335,1918106428,-1,2411753,6498883,6272,2691,0,1456485,1,1,0,0,1,10358,9469475,2176646,50995,11700523,-1,-1,24,22,-1,-1,-1,-1,-1,-1,-1,-1,-1,-1,-1,-1,-1,False,195,1,1,0,0.000696,0.026155,2.408301,7.978141,2.234093,12.657701,stream,100000,5
operation,49,timer,1918357247,1918358056,1918383964,1918394313,1920715875,1929445391,1931519533,-1,2324634,7356487,8427,3842,0,1347046,1,1,0,0,1,10642,9882715,2000725,64373,11953291,-1,-1,24,22,-1,-1,-1,-1,-1,-1,-1,-1,-1,-1,-1,-1,-1,False,195,1,1,0,0.000809,0.025908,2.321562,8.729516,2.074142,13.162286,stream,100000,5
operation,50,timer,1931795803,1931796666,1931839180,1931851150,1935459273,1944204234,1946610650,-1,3612170,7272328,4986,3051,0,1445905,1,1,0,0,1,14644,10442779,2348161,50562,12845676,-1,-1,24,22,-1,-1,-1,-1,-1,-1,-1,-1,-1,-1,-1,-1,-1,False,195,1,1,0,0.000863,0.042514,3.608123,8.744961,2.406416,14.814847,stream,100000,5
operation,51,timer,1946804149,1946804993,1946833129,1946845413,1948155036,1956934215,1958794575,-1,1311519,7245688,5774,2582,0,1512326,1,1,0,0,1,10913,9431372,1785662,65247,11286679,-1,-1,24,22,-1,-1,-1,-1,-1,-1,-1,-1,-1,-1,-1,-1,-1,False,195,1,1,0,0.000844,0.028136,1.309623,8.779179,1.86036,11.990426,stream,100000,5
operation,52,timer,1959060619,1959062135,1959093080,1959105272,1961058603,1969034569,1971208469,-1,1955734,6362544,6972,4007,0,1587162,1,1,0,0,1,12878,8686430,2108041,56358,10856772,-1,-1,24,22,-1,-1,-1,-1,-1,-1,-1,-1,-1,-1,-1,-1,-1,False,195,1,1,0,0.001516,0.030945,1.953331,7.975966,2.1739,12.14785,stream,100000,5
operation,53,timer,1971556541,1971557221,1971584411,1971595932,1974273208,1982267768,1983962391,-1,2680141,6532385,5035,7831,0,1435818,1,1,0,0,1,10626,9223127,1640854,47269,10914646,-1,-1,25,22,-1,-1,-1,-1,-1,-1,-1,-1,-1,-1,-1,-1,-1,False,196,1,1,0,0.00068,0.02719,2.677276,7.99456,1.694623,12.40585,stream,100000,5
operation,54,timer,1984314268,1984314917,1984335421,1984347237,1986786075,1994456379,1996347108,-1,2440964,6060855,10309,2974,0,1578569,1,1,0,0,1,15471,8456329,1841042,42605,10343499,-1,-1,25,22,-1,-1,-1,-1,-1,-1,-1,-1,-1,-1,-1,-1,-1,False,196,1,1,0,0.000649,0.020504,2.438838,7.670304,1.890729,12.03284,stream,100000,5
operation,55,timer,1996684879,1996685658,1996707226,1996719175,1999175580,2007822170,2010179947,-1,2459435,7109238,6238,3059,0,1515609,1,1,0,0,1,9416,10119490,2278918,68152,12471040,-1,-1,24,22,-1,-1,-1,-1,-1,-1,-1,-1,-1,-1,-1,-1,-1,False,195,1,1,0,0.000779,0.021568,2.456405,8.64659,2.357777,13.495068,stream,100000,5
operation,56,timer,2010563638,2010564252,2010599417,2010611947,2012899519,2019731230,2021065942,-1,2289677,5820196,8284,1626,0,992417,1,1,0,0,1,7083,7470806,1279239,49334,8802463,-1,-1,24,22,-1,-1,-1,-1,-1,-1,-1,-1,-1,-1,-1,-1,-1,False,195,1,1,0,0.000614,0.035165,2.287572,6.831711,1.334712,10.502304,stream,100000,5
operation,57,timer,2021274277,2021274938,2021298256,2021307454,2023862362,2032709276,2034950469,-1,2557725,7366171,5454,10987,0,1449971,1,1,0,0,1,11514,10097694,2166707,65138,12333982,-1,-1,24,22,-1,-1,-1,-1,-1,-1,-1,-1,-1,-1,-1,-1,-1,False,195,1,1,0,0.000661,0.023318,2.554908,8.846914,2.241193,13.676192,stream,100000,5
operation,58,timer,2035172579,2035173344,2035204043,2035214557,2037954223,2047007137,2051710640,-1,2742695,6867269,4710,2192,0,2166528,1,1,0,0,1,9186,10548197,4600722,83695,15247510,-1,-1,24,22,-1,-1,-1,-1,-1,-1,-1,-1,-1,-1,-1,-1,-1,False,195,1,1,0,0.000765,0.030699,2.739666,9.052914,4.703503,16.538061,stream,100000,5
operation,59,timer,2052093998,2052095249,2052130325,2052145068,2056507352,2066505740,2070355557,-1,4365514,7950526,8122,3364,0,2013821,1,1,0,0,1,19325,11461166,3731467,107516,15307232,-1,-1,24,22,-1,-1,-1,-1,-1,-1,-1,-1,-1,-1,-1,-1,-1,False,195,1,1,0,0.001251,0.035076,4.362284,9.998388,3.849817,18.261559,stream,100000,5
operation,60,timer,2070641254,2070641839,2070678647,2070691468,2078897087,2091078013,2094272628,-1,8212635,10437367,5425,2462,0,1703599,1,1,0,0,1,25057,14793769,3093400,85843,17981540,-1,-1,24,22,-1,-1,-1,-1,-1,-1,-1,-1,-1,-1,-1,-1,-1,False,195,1,1,0,0.000585,0.036808,8.205619,12.180926,3.194615,23.631374,stream,100000,5
operation,61,timer,2094548332,2094549381,2094595281,2094610368,2102496610,2115083091,2118878374,-1,7891313,10315445,17597,4738,0,2226400,1,1,0,0,1,17230,15517745,3706544,79154,19309777,-1,-1,24,22,-1,-1,-1,-1,-1,-1,-1,-1,-1,-1,-1,-1,-1,False,195,1,1,0,0.001049,0.0459,7.886242,12.586481,3.795283,24.330042,stream,100000,5
operation,62,timer,2119145908,2119147139,2119175028,2119196378,2123106195,2148790053,2151941129,-1,3913184,9917854,6737,13591,13759051,1958821,1,1,2,1,1,24437,26597295,3056106,85335,29743903,-1,-1,24,22,-1,-1,-1,-1,-1,-1,-1,-1,-1,-1,-1,-1,-1,False,195,1,1,0,0.001231,0.027889,3.909817,25.683858,3.151076,32.795221,stream,100000,5
